/*
Navicat MySQL Data Transfer

Source Server         : rds
Source Server Version : 50715
Source Host           : rm-2zexc221rpq83tolxo.mysql.rds.aliyuncs.com:3306
Source Database       : mall

Target Server Type    : MYSQL
Target Server Version : 50715
File Encoding         : 65001

Date: 2017-11-29 16:40:38
*/

SET FOREIGN_KEY_CHECKS=0;

-- ----------------------------
-- Table structure for `account`
-- ----------------------------
DROP TABLE IF EXISTS `account`;
CREATE TABLE `account` (
  `id` varchar(36) NOT NULL,
  `created_date` bigint(20) DEFAULT NULL,
  `logically_deleted` bit(1) DEFAULT NULL,
  `sort_number` int(11) DEFAULT NULL,
  `updated_date` bigint(20) DEFAULT NULL,
  `amount` varchar(255) DEFAULT NULL,
  `business_type` int(11) DEFAULT NULL,
  `remark` varchar(255) DEFAULT NULL,
  PRIMARY KEY (`id`)
) ENGINE=InnoDB DEFAULT CHARSET=utf8mb4;

-- ----------------------------
-- Records of account
-- ----------------------------

-- ----------------------------
-- Table structure for `address`
-- ----------------------------
DROP TABLE IF EXISTS `address`;
CREATE TABLE `address` (
  `id` varchar(36) NOT NULL,
  `created_date` bigint(20) DEFAULT NULL,
  `logically_deleted` bit(1) DEFAULT NULL,
  `sort_number` int(11) DEFAULT NULL,
  `updated_date` bigint(20) DEFAULT NULL,
  `level` varchar(50) DEFAULT NULL,
  `name` varchar(100) DEFAULT NULL,
  `parent_id` varchar(36) DEFAULT NULL,
  PRIMARY KEY (`id`),
  KEY `FKtms9onytw1xuqqukihkuqkhk5` (`parent_id`),
  CONSTRAINT `FKtms9onytw1xuqqukihkuqkhk5` FOREIGN KEY (`parent_id`) REFERENCES `address` (`id`)
) ENGINE=InnoDB DEFAULT CHARSET=utf8mb4;

-- ----------------------------
-- Records of address
-- ----------------------------
INSERT INTO `address` VALUES ('402881d15f6b15f0015f6b174bec0000', '1509330209769', '', '0', '1509330209770', null, '辽宁省', null);
INSERT INTO `address` VALUES ('402881d15f6b15f0015f6b17cf650001', '1509330243429', '', '0', '1509330243429', null, '营口市', '402881d15f6b15f0015f6b174bec0000');
INSERT INTO `address` VALUES ('402881d15f6b15f0015f6b17f4ec0002', '1509330253035', '', '0', '1509330253035', null, '鲅鱼圈区', '402881d15f6b15f0015f6b17cf650001');
INSERT INTO `address` VALUES ('402881d15f6b15f0015f6b18d5440003', '1509330310468', '', '0', '1509330310468', null, '丹东市', '402881d15f6b15f0015f6b174bec0000');
INSERT INTO `address` VALUES ('402881d15f6b15f0015f6b18ec230004', '1509330316323', '', '0', '1509330399627', null, '元宝区', '402881d15f6b15f0015f6b18d5440003');

-- ----------------------------
-- Table structure for `admin`
-- ----------------------------
DROP TABLE IF EXISTS `admin`;
CREATE TABLE `admin` (
  `id` varchar(36) NOT NULL,
  `created_date` bigint(20) DEFAULT NULL,
  `logically_deleted` bit(1) DEFAULT NULL,
  `sort_number` int(11) DEFAULT NULL,
  `updated_date` bigint(20) DEFAULT NULL,
  `login_name` varchar(255) DEFAULT NULL,
  `mobile` varchar(255) DEFAULT NULL,
  `password` varchar(255) DEFAULT NULL,
  `user_type` varchar(255) DEFAULT NULL,
  `name` varchar(20) DEFAULT NULL,
  PRIMARY KEY (`id`)
) ENGINE=InnoDB DEFAULT CHARSET=utf8mb4;

-- ----------------------------
-- Records of admin
-- ----------------------------
INSERT INTO `admin` VALUES ('402881c45eff19a4015eff80ec080002', null, '', null, '1507602579568', 'admin', null, '$2a$10$iVCowG5hxgiIIsVDDGXaDOCs9n0WIwQy6Os1to2BJh1zObvEDIyMS', 'ADMIN', '超级管理员');

-- ----------------------------
-- Table structure for `admin_roles`
-- ----------------------------
DROP TABLE IF EXISTS `admin_roles`;
CREATE TABLE `admin_roles` (
  `admin_id` varchar(36) NOT NULL,
  `role_id` varchar(36) NOT NULL,
  KEY `FKcjlqrvoka3pq87dm3nhyx6h5c` (`role_id`),
  KEY `FK1bcjwl07gm1kcu8h3dhiyd3ol` (`admin_id`),
  CONSTRAINT `FK1bcjwl07gm1kcu8h3dhiyd3ol` FOREIGN KEY (`admin_id`) REFERENCES `admin` (`id`),
  CONSTRAINT `FKcjlqrvoka3pq87dm3nhyx6h5c` FOREIGN KEY (`role_id`) REFERENCES `role` (`id`)
) ENGINE=InnoDB DEFAULT CHARSET=utf8mb4;

-- ----------------------------
-- Records of admin_roles
-- ----------------------------
INSERT INTO `admin_roles` VALUES ('402881c45eff19a4015eff80ec080002', '402881c45effd975015effdcc87d0000');

-- ----------------------------
-- Table structure for `attachment`
-- ----------------------------
DROP TABLE IF EXISTS `attachment`;
CREATE TABLE `attachment` (
  `id` varchar(36) NOT NULL,
  `created_date` bigint(20) DEFAULT NULL,
  `logically_deleted` bit(1) DEFAULT NULL,
  `sort_number` int(11) DEFAULT NULL,
  `updated_date` bigint(20) DEFAULT NULL,
  `format` varchar(50) DEFAULT NULL,
  `name` varchar(200) DEFAULT NULL,
  `path` varchar(500) DEFAULT NULL,
  `size` bigint(20) DEFAULT NULL,
  PRIMARY KEY (`id`)
) ENGINE=InnoDB DEFAULT CHARSET=utf8mb4;

-- ----------------------------
-- Records of attachment
-- ----------------------------
INSERT INTO `attachment` VALUES ('2c911f245fd8a5e2015fdc6600c20017', '1511231193281', '', '0', '1511231193281', 'jpg', 'WeChat Image_20171121102139.jpg', '/nfs-client/admin/2017-11-21/1511231193280.jpg', '419278');
INSERT INTO `attachment` VALUES ('402881cf5f485d77015f485f1f3a0002', '1508747714362', '', '0', '1508749530568', 'jpg', '061607301kbo.jpg', '\\nfs-client\\admin\\2017-10-23\\1508747714348.jpg', '257737');
INSERT INTO `attachment` VALUES ('402881cf5f486060015f4863e2950003', '1508748026517', '', '0', '1508749635149', 'png', '25164146bto4.png', '/nfs-client/admin/2017-10-23/1508748026513.png', '510319');
INSERT INTO `attachment` VALUES ('402881cf5f486060015f486475780007', '1508748064120', '', '0', '1508749645325', 'jpg', '241638173oi3.jpg', '/nfs-client/admin/2017-10-23/1508748064114.jpg', '182504');
INSERT INTO `attachment` VALUES ('402881d15fd704e2015fd709975e0000', '1511141250905', '', '0', '1511141250906', 'jpg', 'WeChat Image_20171120092121.jpg', '/nfs-client/admin/2017-11-20/1511141250900.jpg', '117625');
INSERT INTO `attachment` VALUES ('402881d15fd70dd2015fd713802c0003', '1511141900332', '', '0', '1511141900332', 'jpg', 'WeChat Image_20171120092130.jpg', '/nfs-client/admin/2017-11-20/1511141900325.jpg', '167346');
INSERT INTO `attachment` VALUES ('402881d15fd70dd2015fd71559280006', '1511142021416', '', '0', '1511142021416', 'jpg', 'WeChat Image_20171120092133.jpg', '/nfs-client/admin/2017-11-20/1511142021404.jpg', '222353');
INSERT INTO `attachment` VALUES ('402881d15fd70dd2015fd71737460009', '1511142143814', '', '0', '1511142143814', 'jpg', 'WeChat Image_20171120092135.jpg', '/nfs-client/admin/2017-11-20/1511142143808.jpg', '137123');
INSERT INTO `attachment` VALUES ('402881d15fd70dd2015fd7183317000c', '1511142208278', '', '0', '1511142208278', 'jpg', 'WeChat Image_20171120092138.jpg', '/nfs-client/admin/2017-11-20/1511142208273.jpg', '118383');
INSERT INTO `attachment` VALUES ('402881d15fd70dd2015fd718fb35000f', '1511142259509', '', '0', '1511142259509', 'jpg', 'WeChat Image_20171120092141.jpg', '/nfs-client/admin/2017-11-20/1511142259505.jpg', '74214');
INSERT INTO `attachment` VALUES ('402881d15fd70dd2015fd71da5780012', '1511142565240', '', '0', '1511142565240', 'jpg', 'WeChat Image_20171120092144.jpg', '/nfs-client/admin/2017-11-20/1511142565236.jpg', '110670');
INSERT INTO `attachment` VALUES ('402881d15fd70dd2015fd71e767e0015', '1511142618750', '', '0', '1511142618750', 'jpg', 'WeChat Image_20171120092146.jpg', '/nfs-client/admin/2017-11-20/1511142618743.jpg', '152194');
INSERT INTO `attachment` VALUES ('402881d15fd72b2c015fd72f0c4f0000', '1511143705675', '', '0', '1511143705675', 'jpg', 'WeChat Image_20171120092149.jpg', '/nfs-client/admin/2017-11-20/1511143705670.jpg', '139812');
INSERT INTO `attachment` VALUES ('402881d15fd72b2c015fd7304da30003', '1511143787938', '', '0', '1511143787938', 'jpg', 'WeChat Image_20171120092153.jpg', '/nfs-client/admin/2017-11-20/1511143787930.jpg', '134463');

-- ----------------------------
-- Table structure for `cart`
-- ----------------------------
DROP TABLE IF EXISTS `cart`;
CREATE TABLE `cart` (
  `id` varchar(36) NOT NULL,
  `created_date` bigint(20) DEFAULT NULL,
  `logically_deleted` bit(1) DEFAULT NULL,
  `sort_number` int(11) DEFAULT NULL,
  `updated_date` bigint(20) DEFAULT NULL,
  `member_id` varchar(36) DEFAULT NULL,
  PRIMARY KEY (`id`),
  KEY `FKix170nytunweovf2v9137mx2o` (`member_id`),
  CONSTRAINT `FKix170nytunweovf2v9137mx2o` FOREIGN KEY (`member_id`) REFERENCES `member` (`id`)
) ENGINE=InnoDB DEFAULT CHARSET=utf8mb4;

-- ----------------------------
-- Records of cart
-- ----------------------------
INSERT INTO `cart` VALUES ('2c911f2460004dff01600170f3920000', '1511852667792', '', '0', '1511852667792', '402881b65e792228015e7929024f0000');

-- ----------------------------
-- Table structure for `cart_item`
-- ----------------------------
DROP TABLE IF EXISTS `cart_item`;
CREATE TABLE `cart_item` (
  `id` varchar(36) NOT NULL,
  `created_date` bigint(20) DEFAULT NULL,
  `logically_deleted` bit(1) DEFAULT NULL,
  `sort_number` int(11) DEFAULT NULL,
  `updated_date` bigint(20) DEFAULT NULL,
  `cart_id` varchar(36) DEFAULT NULL,
  `product_id` varchar(36) DEFAULT NULL,
  `count` int(11) DEFAULT NULL,
  PRIMARY KEY (`id`),
  KEY `FK1uobyhgl1wvgt1jpccia8xxs3` (`cart_id`),
  KEY `FKjcyd5wv4igqnw413rgxbfu4nv` (`product_id`),
  CONSTRAINT `FK1uobyhgl1wvgt1jpccia8xxs3` FOREIGN KEY (`cart_id`) REFERENCES `cart` (`id`),
  CONSTRAINT `FKjcyd5wv4igqnw413rgxbfu4nv` FOREIGN KEY (`product_id`) REFERENCES `product` (`id`)
) ENGINE=InnoDB DEFAULT CHARSET=utf8mb4;

-- ----------------------------
-- Records of cart_item
-- ----------------------------

-- ----------------------------
-- Table structure for `coupon`
-- ----------------------------
DROP TABLE IF EXISTS `coupon`;
CREATE TABLE `coupon` (
  `id` varchar(36) NOT NULL,
  `created_date` bigint(20) DEFAULT NULL,
  `logically_deleted` bit(1) DEFAULT NULL,
  `sort_number` int(11) DEFAULT NULL,
  `updated_date` bigint(20) DEFAULT NULL,
  `amount` double DEFAULT NULL,
  `end_date` bigint(20) DEFAULT NULL,
  `marketing_type` varchar(30) DEFAULT NULL,
  `min_amount` double DEFAULT NULL,
  `name` varchar(50) DEFAULT NULL,
  `obtain_type` varchar(30) DEFAULT NULL,
  `remark` varchar(500) DEFAULT NULL,
  `start_date` bigint(20) DEFAULT NULL,
  `client_id` varchar(128) DEFAULT NULL,
  PRIMARY KEY (`id`),
  KEY `FKhvhb7mgtp18yu2q9girsbd7lq` (`client_id`),
  CONSTRAINT `FKhvhb7mgtp18yu2q9girsbd7lq` FOREIGN KEY (`client_id`) REFERENCES `oauth_client_details` (`client_id`)
) ENGINE=InnoDB DEFAULT CHARSET=utf8mb4;

-- ----------------------------
-- Records of coupon
-- ----------------------------
INSERT INTO `coupon` VALUES ('402881c45f32c738015f32dd7b790000', '1508386896754', '', '0', '1510281432991', '10', '1512000000000', 'CASH_OFF', '100', '秋季特惠', 'LOGIN', null, '1507680000000', 'tonr');
INSERT INTO `coupon` VALUES ('402881d15fa4a7fc015fa4f2df730000', '1510300901226', '', '0', '1511181494780', '50', '1512172800000', 'CASH_OFF', '100', '海鲜大杂烩', 'LOGIN', null, '1509494400000', 'tonr');

-- ----------------------------
-- Table structure for `dictionary`
-- ----------------------------
DROP TABLE IF EXISTS `dictionary`;
CREATE TABLE `dictionary` (
  `id` varchar(36) NOT NULL,
  `created_date` bigint(20) DEFAULT NULL,
  `logically_deleted` bit(1) DEFAULT NULL,
  `sort_number` int(11) DEFAULT NULL,
  `updated_date` bigint(20) DEFAULT NULL,
  `code` varchar(100) DEFAULT NULL,
  `name` varchar(100) DEFAULT NULL,
  `dictionary_category_id` varchar(36) DEFAULT NULL,
  PRIMARY KEY (`id`),
  KEY `FK5karylm6jn6jkkvfifx4l9h30` (`dictionary_category_id`),
  CONSTRAINT `FK5karylm6jn6jkkvfifx4l9h30` FOREIGN KEY (`dictionary_category_id`) REFERENCES `dictionary_category` (`id`)
) ENGINE=InnoDB DEFAULT CHARSET=utf8mb4;

-- ----------------------------
-- Records of dictionary
-- ----------------------------

-- ----------------------------
-- Table structure for `dictionary_category`
-- ----------------------------
DROP TABLE IF EXISTS `dictionary_category`;
CREATE TABLE `dictionary_category` (
  `id` varchar(36) NOT NULL,
  `created_date` bigint(20) DEFAULT NULL,
  `logically_deleted` bit(1) DEFAULT NULL,
  `sort_number` int(11) DEFAULT NULL,
  `updated_date` bigint(20) DEFAULT NULL,
  `code` varchar(100) DEFAULT NULL,
  `name` varchar(100) DEFAULT NULL,
  `parent_id` varchar(36) DEFAULT NULL,
  PRIMARY KEY (`id`),
  KEY `FKdgpx4q8hdcqgg16pwnrjmuqu3` (`parent_id`),
  CONSTRAINT `FKdgpx4q8hdcqgg16pwnrjmuqu3` FOREIGN KEY (`parent_id`) REFERENCES `dictionary_category` (`id`)
) ENGINE=InnoDB DEFAULT CHARSET=utf8mb4;

-- ----------------------------
-- Records of dictionary_category
-- ----------------------------

-- ----------------------------
-- Table structure for `member`
-- ----------------------------
DROP TABLE IF EXISTS `member`;
CREATE TABLE `member` (
  `id` varchar(36) NOT NULL,
  `created_date` bigint(20) DEFAULT NULL,
  `logically_deleted` bit(1) DEFAULT NULL,
  `sort_number` int(11) DEFAULT NULL,
  `updated_date` bigint(20) DEFAULT NULL,
  `login_name` varchar(255) DEFAULT NULL,
  `mobile` varchar(255) DEFAULT NULL,
  `password` varchar(255) DEFAULT NULL,
  `user_type` varchar(255) DEFAULT NULL,
  `address` varchar(20) DEFAULT NULL,
  `balance` double DEFAULT NULL,
  `birthday` bigint(20) DEFAULT NULL,
  `card_no` varchar(20) DEFAULT NULL,
  `gender` varchar(2) DEFAULT NULL,
  `id_card` varchar(20) DEFAULT NULL,
  `name` varchar(50) DEFAULT NULL,
  `openid` varchar(36) DEFAULT NULL,
  `point` int(11) DEFAULT NULL,
  `sale_point` int(11) DEFAULT NULL,
  `head_photo_id` varchar(36) DEFAULT NULL,
  PRIMARY KEY (`id`),
  KEY `FKolx1jg6jck1x309mcafyf1b8b` (`head_photo_id`),
  CONSTRAINT `FKolx1jg6jck1x309mcafyf1b8b` FOREIGN KEY (`head_photo_id`) REFERENCES `attachment` (`id`)
) ENGINE=InnoDB DEFAULT CHARSET=utf8mb4;

-- ----------------------------
-- Records of member
-- ----------------------------
INSERT INTO `member` VALUES ('1', null, '', '0', '1508480015493', null, '18640019220', '$2a$10$wZSX1D1Ik/weVruPxeXcXuV0N7M6MRDJ7BCinsxVB7Wkcq7GJvtSK', 'MEMBER', null, '420', '1505347200000', '11', '1', '2206021991019234', '唐赫', '', '6345', '1134', null);
INSERT INTO `member` VALUES ('2c911f245fd8a5e2015fd958285f0005', '1511179954271', '', '0', '1511180115779', '18640068590', '18640068590', '$2a$10$UA5.266E4pVL6MSpqHK2hOZUkabTqjTMPbpKOfV4b.sDBITLDKI.u', 'MEMBER', null, '0', null, null, null, null, null, null, '6', '6', null);
INSERT INTO `member` VALUES ('2c911f2460004dff0160017f56670002', '1511853610597', '', '0', '1511853729982', '13555770684', '13555770684', '$2a$10$1n5xRKUTYy0f47xcgZdrI.okLGQSFjBMWILdEfh8pQTflrFwgKS2S', 'MEMBER', null, '0', null, null, null, null, null, null, '1', '1', null);
INSERT INTO `member` VALUES ('402881b65e792228015e7929024f0000', null, '', '0', '1511255226887', '18640019220', '18640019220', '$2a$10$uxxZGcMNmnKbaWRT3tgLv.F387CiaaWZDIvbpYJ26RqSKwaP6oQv6', 'MEMBER', null, '320', null, '001', '0', '', '唐赫1', '', '6752', '1241', null);
INSERT INTO `member` VALUES ('402881c35eb17a6b015eb190c6a30000', null, '', '0', '1507813949551', null, '234', null, 'MEMBER', null, null, null, '002', '', '', 'aa1', '', '0', '0', null);
INSERT INTO `member` VALUES ('402881c35eb17a6b015eb191d21c0001', null, '', '0', '1507813955708', null, '343', null, 'MEMBER', null, null, null, '003', '', '', 'av1', '', '0', '0', null);
INSERT INTO `member` VALUES ('402881c35eb27c35015eb29cd8850002', null, '', null, '1507604907578', null, '6', null, 'MEMBER', null, null, '1506470400000', '6', '1', '', '6', '', '0', '0', null);
INSERT INTO `member` VALUES ('402881d15f70436a015f7045d4ed0000', '1509417145580', '', '0', '1509417145580', '18802482337', '18802482337', '$2a$10$Nu8NhzUWJhh5PNMk34PyD./9vZWJE7U1kEClvBM/nbqNwaQ8J6OK.', 'MEMBER', null, null, null, null, null, null, null, null, '0', '0', null);

-- ----------------------------
-- Table structure for `member_address`
-- ----------------------------
DROP TABLE IF EXISTS `member_address`;
CREATE TABLE `member_address` (
  `id` varchar(36) NOT NULL,
  `created_date` bigint(20) DEFAULT NULL,
  `logically_deleted` bit(1) DEFAULT NULL,
  `sort_number` int(11) DEFAULT NULL,
  `updated_date` bigint(20) DEFAULT NULL,
  `default_address` bit(1) DEFAULT NULL,
  `detail_address` varchar(500) DEFAULT NULL,
  `name` varchar(50) DEFAULT NULL,
  `postal_code` varchar(20) DEFAULT NULL,
  `tel` varchar(20) DEFAULT NULL,
  `address_id` varchar(36) DEFAULT NULL,
  `member_id` varchar(36) DEFAULT NULL,
  PRIMARY KEY (`id`),
  KEY `FKc1mlhav8xpi04w64t263v8qvf` (`address_id`),
  KEY `FKeslc8586cwl3ej73mv7gr83x2` (`member_id`),
  CONSTRAINT `FKc1mlhav8xpi04w64t263v8qvf` FOREIGN KEY (`address_id`) REFERENCES `address` (`id`),
  CONSTRAINT `FKeslc8586cwl3ej73mv7gr83x2` FOREIGN KEY (`member_id`) REFERENCES `member` (`id`)
) ENGINE=InnoDB DEFAULT CHARSET=utf8mb4;

-- ----------------------------
-- Records of member_address
-- ----------------------------
INSERT INTO `member_address` VALUES ('2c911f245fd8a5e2015fd95a668d000d', '1511180101261', '', '0', '1511180101261', '', '爱家郦都50#1-17-3', '王羽菲', null, '18640068590', '402881d15f6b15f0015f6b18ec230004', '2c911f245fd8a5e2015fd958285f0005');
INSERT INTO `member_address` VALUES ('2c911f245ffcc592015ffe0e1d110000', '1511795858701', '', '0', '1511852615549', '', '50#1-17-3', '名字', null, '18640019220', '402881d15f6b15f0015f6b17f4ec0002', '402881b65e792228015e7929024f0000');
INSERT INTO `member_address` VALUES ('2c911f2460004dff01600181131a0003', '1511853724442', '', '0', '1511853724442', '', '测试地址', '朱德范', '1000', '13555770684', '402881d15f6b15f0015f6b17f4ec0002', '2c911f2460004dff0160017f56670002');
INSERT INTO `member_address` VALUES ('402881d15f713174015f71328d7f0000', '1509432659318', '', '0', '1511852622194', '', '啥地方', '唐赫', null, '18640019220', '402881d15f6b15f0015f6b17f4ec0002', '402881b65e792228015e7929024f0000');
INSERT INTO `member_address` VALUES ('402881d15f713174015f713449810001', '1509432772992', '', '0', '1511852617685', '', '啥地方', '王羽菲', null, '18640068590', '402881d15f6b15f0015f6b18ec230004', '402881b65e792228015e7929024f0000');

-- ----------------------------
-- Table structure for `member_coupon`
-- ----------------------------
DROP TABLE IF EXISTS `member_coupon`;
CREATE TABLE `member_coupon` (
  `id` bigint(20) NOT NULL AUTO_INCREMENT,
  `used` bit(1) DEFAULT NULL,
  `coupon_id` varchar(36) DEFAULT NULL,
  `member_id` varchar(36) DEFAULT NULL,
  PRIMARY KEY (`id`),
  KEY `FKkxw7ja7v55gk4a368w3gs6s0j` (`coupon_id`),
  KEY `FKf8n3lu0dfwmhvcikamg220lgg` (`member_id`),
  CONSTRAINT `FKf8n3lu0dfwmhvcikamg220lgg` FOREIGN KEY (`member_id`) REFERENCES `member` (`id`),
  CONSTRAINT `FKkxw7ja7v55gk4a368w3gs6s0j` FOREIGN KEY (`coupon_id`) REFERENCES `coupon` (`id`)
) ENGINE=InnoDB AUTO_INCREMENT=6 DEFAULT CHARSET=utf8mb4;

-- ----------------------------
-- Records of member_coupon
-- ----------------------------
INSERT INTO `member_coupon` VALUES ('4', '', '402881c45f32c738015f32dd7b790000', '402881b65e792228015e7929024f0000');
INSERT INTO `member_coupon` VALUES ('5', '', '402881d15fa4a7fc015fa4f2df730000', '402881b65e792228015e7929024f0000');

-- ----------------------------
-- Table structure for `member_level`
-- ----------------------------
DROP TABLE IF EXISTS `member_level`;
CREATE TABLE `member_level` (
  `id` varchar(36) NOT NULL,
  `created_date` bigint(20) DEFAULT NULL,
  `logically_deleted` bit(1) DEFAULT NULL,
  `sort_number` int(11) DEFAULT NULL,
  `updated_date` bigint(20) DEFAULT NULL,
  `name` varchar(30) DEFAULT NULL,
  `need_point` int(11) DEFAULT NULL,
  PRIMARY KEY (`id`)
) ENGINE=InnoDB DEFAULT CHARSET=utf8mb4;

-- ----------------------------
-- Records of member_level
-- ----------------------------
INSERT INTO `member_level` VALUES ('402881c45f333384015f33354a650001', '1508392658675', '', '0', '1508392658675', 'T铁', '2000');
INSERT INTO `member_level` VALUES ('402881c45f333384015f33358e140002', '1508392675851', '', '0', '1508392675851', 'T铜', '4000');
INSERT INTO `member_level` VALUES ('402881c45f333384015f3335c3ac0003', '1508392682411', '', '0', '1508392682411', 'T银', '6000');
INSERT INTO `member_level` VALUES ('402881c45f333384015f3335e04b0004', '1508392689738', '', '0', '1508392689738', 'T金', '10000');

-- ----------------------------
-- Table structure for `module`
-- ----------------------------
DROP TABLE IF EXISTS `module`;
CREATE TABLE `module` (
  `id` varchar(36) NOT NULL,
  `created_date` bigint(20) DEFAULT NULL,
  `logically_deleted` bit(1) DEFAULT NULL,
  `sort_number` int(11) DEFAULT NULL,
  `updated_date` bigint(20) DEFAULT NULL,
  `code` varchar(20) DEFAULT NULL,
  `icon` varchar(100) DEFAULT NULL,
  `name` varchar(50) DEFAULT NULL,
  `navi_id_path` varchar(500) DEFAULT NULL,
  `navi_name_path` varchar(500) DEFAULT NULL,
  `type` varchar(10) DEFAULT NULL,
  `url` varchar(500) DEFAULT NULL,
  `parent_id` varchar(36) DEFAULT NULL,
  PRIMARY KEY (`id`),
  KEY `FKovripa3rfs5f9qu2pvyhgo6xi` (`parent_id`),
  CONSTRAINT `FKovripa3rfs5f9qu2pvyhgo6xi` FOREIGN KEY (`parent_id`) REFERENCES `module` (`id`)
) ENGINE=InnoDB DEFAULT CHARSET=utf8mb4;

-- ----------------------------
-- Records of module
-- ----------------------------
INSERT INTO `module` VALUES ('24746c09-2960-11e7-b497-21af0a259a98', null, '', '2', '1507617854635', '', '', '管理员管理', 'b8c06782-2a58-11e7-b497-21af0a259a98/24746c09-2960-11e7-b497-21af0a259a98', '系统管理 /管理员管理', 'MENU', '/admin/admin/list', '98b33553-827e-11e7-9f6e-708bcdac0848');
INSERT INTO `module` VALUES ('24a90d78-2a21-11e7-b497-21af0a259a98', '1493170723000', '', '0', '1501859765000', 'module.delete', '', '删除', '98b33553-827e-11e7-9f6e-708bcdac0848/8fe09b87-296d-11e7-b497-21af0a259a98/24a90d78-2a21-11e7-b497-21af0a259a98', '权限管理 /模块管理 /删除 ', 'FUNCTION', '', '8fe09b87-296d-11e7-b497-21af0a259a98');
INSERT INTO `module` VALUES ('301b3096-2970-11e7-b497-21af0a259a98', '1493094725000', '', '0', '1501859672000', 'sysuser.save', '', '保存', 'b8c06782-2a58-11e7-b497-21af0a259a98/24746c09-2960-11e7-b497-21af0a259a98/301b3096-2970-11e7-b497-21af0a259a98', '系统管理 /人员管理 /保存', 'FUNCTION', '', '24746c09-2960-11e7-b497-21af0a259a98');
INSERT INTO `module` VALUES ('36f353ad-2a20-11e7-b497-21af0a259a98', '1493170324000', '', '0', '1501859681000', 'role.search', '', '查询', '98b33553-827e-11e7-9f6e-708bcdac0848/3ffd622d-2a1f-11e7-b497-21af0a259a98/36f353ad-2a20-11e7-b497-21af0a259a98', '权限管理 /角色管理 /查询', 'FUNCTION', '', '3ffd622d-2a1f-11e7-b497-21af0a259a98');
INSERT INTO `module` VALUES ('3ffd622d-2a1f-11e7-b497-21af0a259a98', '1493169910000', '', '1', '1502885841000', '', '', '角色管理', '98b33553-827e-11e7-9f6e-708bcdac0848/3ffd622d-2a1f-11e7-b497-21af0a259a98', '权限管理 /角色管理', 'MENU', '/admin/role/list', '98b33553-827e-11e7-9f6e-708bcdac0848');
INSERT INTO `module` VALUES ('402881c35eb1d777015eb25f901f0002', null, '', '0', '1509331530186', '', '', '业务中心', '', '', 'MENU', '/admin/member/businessCenter', '6c2f0a65-4a8c-11e7-82ff-58da3c9e6316');
INSERT INTO `module` VALUES ('402881c45f04dd28015f050b64a50000', null, '', '4', '1507622012410', '', 'fa fa-suitcase', '客户端管理', '', '', 'MENU', '/admin/oauthclient/list', '98b33553-827e-11e7-9f6e-708bcdac0848');
INSERT INTO `module` VALUES ('402881c45f323425015f3243612a0000', null, '', '0', '1508376797481', '', null, '优惠券管理', '', '', 'MENU', '/admin/coupon/list', '402883835f2fa17a015f2fa9ec4e0003');
INSERT INTO `module` VALUES ('402881c45f333384015f333436040000', null, '', '2', '1508392580603', '', null, '会员等级维护', '', '', 'MENU', '/admin/member/level', '6c2f0a65-4a8c-11e7-82ff-58da3c9e6316');
INSERT INTO `module` VALUES ('402881c55f38c257015f38c2e4d00000', '1508485817544', '', '0', '1508485817544', '', null, '附件管理', '', '', 'MENU', '/admin/attachment/list', 'b8c06782-2a58-11e7-b497-21af0a259a98');
INSERT INTO `module` VALUES ('402881d15f8ff42a015f8ff67b560000', '1509948816208', '', '3', '1509948816208', '', 'fa fa-fw fa-file-text-o', '订单管理', '', '', 'MENU', '', null);
INSERT INTO `module` VALUES ('402881d15f8ff42a015f9001a9a90001', '1509949548968', '', '0', '1509949548968', '', null, '销售列表', '', '', 'MENU', '/admin/orderform/list', '402881d15f8ff42a015f8ff67b560000');
INSERT INTO `module` VALUES ('402883835f2fa17a015f2fa27de00000', null, '', '0', '1508332699099', '', null, '字典维护', '', '', 'MENU', '/admin/dictionary/list', 'b8c06782-2a58-11e7-b497-21af0a259a98');
INSERT INTO `module` VALUES ('402883835f2fa17a015f2fa2a5df0001', null, '', '0', '1508332709342', '', null, '字典类别管理', '', '', 'MENU', '/admin/dictionary/categoryList', 'b8c06782-2a58-11e7-b497-21af0a259a98');
INSERT INTO `module` VALUES ('402883835f2fa17a015f2fa2cea90002', null, '', '0', '1508332719784', '', null, '地址管理', '', '', 'MENU', '/admin/address/list', 'b8c06782-2a58-11e7-b497-21af0a259a98');
INSERT INTO `module` VALUES ('402883835f2fa17a015f2fa9ec4e0003', null, '', '0', '1508374531546', '', 'fa fa-fw fa-star', '营销管理', '', '', 'MENU', '', null);
INSERT INTO `module` VALUES ('402883835f2fa17a015f2faaa6400004', null, '', '0', '1509331750969', '', null, '充值红包管理', '', '', 'MENU', '/admin/redpacket/list', '402883835f2fa17a015f2fa9ec4e0003');
INSERT INTO `module` VALUES ('4705b0bd-8278-11e7-9f6e-708bcdac0848', '1502883830000', '', '1', '1502883830000', '', 'am-icon-file', '测试', '98b33553-827e-11e7-9f6e-708bcdac0848/8fe09b87-296d-11e7-b497-21af0a259a98/4705b0bd-8278-11e7-9f6e-708bcdac0848', '权限管理/模块管理/测试', 'MENU', '', '8fe09b87-296d-11e7-b497-21af0a259a98');
INSERT INTO `module` VALUES ('6c2f0a65-4a8c-11e7-82ff-58da3c9e6316', '1496735117000', '', '0', '1507618922723', '', 'fa fa-users', '会员管理', '6c2f0a65-4a8c-11e7-82ff-58da3c9e6316', '会员管理', 'MENU', '', null);
INSERT INTO `module` VALUES ('724b1acc-2a20-11e7-b497-21af0a259a98', '1493170423000', '', '0', '1501859683000', 'role.delete', '', '删除', '98b33553-827e-11e7-9f6e-708bcdac0848/3ffd622d-2a1f-11e7-b497-21af0a259a98/724b1acc-2a20-11e7-b497-21af0a259a98', '权限管理/角色管理 /删除', 'FUNCTION', '', '3ffd622d-2a1f-11e7-b497-21af0a259a98');
INSERT INTO `module` VALUES ('7f9e1d2d-4a8c-11e7-82ff-58da3c9e6316', '1496735150000', '', '1', '1501994998000', '', '', '会员维护', '6c2f0a65-4a8c-11e7-82ff-58da3c9e6316/7f9e1d2d-4a8c-11e7-82ff-58da3c9e6316', '会员管理 /会员维护', 'MENU', '/admin/member/list', '6c2f0a65-4a8c-11e7-82ff-58da3c9e6316');
INSERT INTO `module` VALUES ('8901fc42-4a8c-11e7-82ff-58da3c9e6316', '1496735165000', '', '2', '1502890673000', '', 'glyphicon glyphicon-list-alt', '商品管理', '8901fc42-4a8c-11e7-82ff-58da3c9e6316', '商品管理', 'MENU', '', null);
INSERT INTO `module` VALUES ('8f772bb9-2a21-11e7-b497-21af0a259a98', '1493170902000', '', '0', '1501859675000', 'sysuser.delete', '', '删除', 'b8c06782-2a58-11e7-b497-21af0a259a98/24746c09-2960-11e7-b497-21af0a259a98/8f772bb9-2a21-11e7-b497-21af0a259a98', '系统管理 /人员管理 /删除', 'FUNCTION', '', '24746c09-2960-11e7-b497-21af0a259a98');
INSERT INTO `module` VALUES ('8fe09b87-296d-11e7-b497-21af0a259a98', '1493093598000', '', '0', '1502891265000', '', '', '模块管理', '98b33553-827e-11e7-9f6e-708bcdac0848/8fe09b87-296d-11e7-b497-21af0a259a98', '权限管理/模块管理', 'MENU', '/admin/module/list', '98b33553-827e-11e7-9f6e-708bcdac0848');
INSERT INTO `module` VALUES ('98b33553-827e-11e7-9f6e-708bcdac0848', '1502886544000', '', '5', '1502891044000', '', 'glyphicon glyphicon-lock', '权限管理', '98b33553-827e-11e7-9f6e-708bcdac0848', '权限管理', 'MENU', '', null);
INSERT INTO `module` VALUES ('9e936709-4a8c-11e7-82ff-58da3c9e6316', '1496735201000', '', '0', '1506322213213', '', '', '商品分类维护', '8901fc42-4a8c-11e7-82ff-58da3c9e6316/9e936709-4a8c-11e7-82ff-58da3c9e6316', '商品管理 /商品分类维护', 'MENU', '/admin/product/productCategoryList', '8901fc42-4a8c-11e7-82ff-58da3c9e6316');
INSERT INTO `module` VALUES ('a3909276-297c-11e7-b497-21af0a259a98', '1493100073000', '', '0', '1501859762000', 'module.save', '', '保存', '98b33553-827e-11e7-9f6e-708bcdac0848/8fe09b87-296d-11e7-b497-21af0a259a98/a3909276-297c-11e7-b497-21af0a259a98', '权限管理 /模块管理 /保存 ', 'FUNCTION', '', '8fe09b87-296d-11e7-b497-21af0a259a98');
INSERT INTO `module` VALUES ('a6fd0442-4a8c-11e7-82ff-58da3c9e6316', '1496735216000', '', '1', '1506322223780', '', '', '商品维护', '8901fc42-4a8c-11e7-82ff-58da3c9e6316/a6fd0442-4a8c-11e7-82ff-58da3c9e6316', '商品管理 /商品维护', 'MENU', '/admin/product/productList', '8901fc42-4a8c-11e7-82ff-58da3c9e6316');
INSERT INTO `module` VALUES ('b8c06782-2a58-11e7-b497-21af0a259a98', '1493194593000', '', '6', '1502890823000', '', 'fa fa-fw fa-wrench', '系统管理', 'b8c06782-2a58-11e7-b497-21af0a259a98', '系统管理', 'MENU', '', null);
INSERT INTO `module` VALUES ('c9f178a3-2a20-11e7-b497-21af0a259a98', '1493170570000', '', '0', '1501859759000', 'module.search', '', '查询', '98b33553-827e-11e7-9f6e-708bcdac0848/8fe09b87-296d-11e7-b497-21af0a259a98/c9f178a3-2a20-11e7-b497-21af0a259a98', '权限管理 /模块管理 /查询', 'FUNCTION', '', '8fe09b87-296d-11e7-b497-21af0a259a98');
INSERT INTO `module` VALUES ('f959cd6f-2a1f-11e7-b497-21af0a259a98', '1493170221000', '', '0', '1501859690000', 'role.save', '', '保存', '98b33553-827e-11e7-9f6e-708bcdac0848/3ffd622d-2a1f-11e7-b497-21af0a259a98/f959cd6f-2a1f-11e7-b497-21af0a259a98', '权限管理/角色管理 /保存', 'FUNCTION', '', '3ffd622d-2a1f-11e7-b497-21af0a259a98');

-- ----------------------------
-- Table structure for `oauth_access_token`
-- ----------------------------
DROP TABLE IF EXISTS `oauth_access_token`;
CREATE TABLE `oauth_access_token` (
  `token_id` varchar(256) DEFAULT NULL,
  `token` blob,
  `authentication_id` varchar(128) NOT NULL,
  `user_name` varchar(256) DEFAULT NULL,
  `client_id` varchar(256) DEFAULT NULL,
  `authentication` blob,
  `refresh_token` varchar(256) DEFAULT NULL,
  PRIMARY KEY (`authentication_id`)
) ENGINE=InnoDB DEFAULT CHARSET=utf8mb4;

-- ----------------------------
-- Records of oauth_access_token
-- ----------------------------
INSERT INTO `oauth_access_token` VALUES ('e5de2432315eac2883cd3b8aa774b0e5', 0xACED0005737200436F72672E737072696E676672616D65776F726B2E73656375726974792E6F61757468322E636F6D6D6F6E2E44656661756C744F4175746832416363657373546F6B656E0CB29E361B24FACE0200064C00156164646974696F6E616C496E666F726D6174696F6E74000F4C6A6176612F7574696C2F4D61703B4C000A65787069726174696F6E7400104C6A6176612F7574696C2F446174653B4C000C72656672657368546F6B656E74003F4C6F72672F737072696E676672616D65776F726B2F73656375726974792F6F61757468322F636F6D6D6F6E2F4F417574683252656672657368546F6B656E3B4C000573636F706574000F4C6A6176612F7574696C2F5365743B4C0009746F6B656E547970657400124C6A6176612F6C616E672F537472696E673B4C000576616C756571007E000578707372001E6A6176612E7574696C2E436F6C6C656374696F6E7324456D7074794D6170593614855ADCE7D002000078707372000E6A6176612E7574696C2E44617465686A81014B597419030000787077080000015ED4048D1F7870737200256A6176612E7574696C2E436F6C6C656374696F6E7324556E6D6F6469666961626C65536574801D92D18F9B80550200007872002C6A6176612E7574696C2E436F6C6C656374696F6E7324556E6D6F6469666961626C65436F6C6C656374696F6E19420080CB5EF71E0200014C0001637400164C6A6176612F7574696C2F436F6C6C656374696F6E3B7870737200176A6176612E7574696C2E4C696E6B656448617368536574D86CD75A95DD2A1E020000787200116A6176612E7574696C2E48617368536574BA44859596B8B7340300007870770C000000043F400000000000027400047265616474000577726974657874000662656172657274002463323538393233392D313635662D343130342D613534392D356635326133353238313339, '2ca14d222efe51873ce379f5f5b68670', null, 'tonr', 0xACED0005737200416F72672E737072696E676672616D65776F726B2E73656375726974792E6F61757468322E70726F76696465722E4F417574683241757468656E7469636174696F6EBD400B02166252130200024C000D73746F7265645265717565737474003C4C6F72672F737072696E676672616D65776F726B2F73656375726974792F6F61757468322F70726F76696465722F4F4175746832526571756573743B4C00127573657241757468656E7469636174696F6E7400324C6F72672F737072696E676672616D65776F726B2F73656375726974792F636F72652F41757468656E7469636174696F6E3B787200476F72672E737072696E676672616D65776F726B2E73656375726974792E61757468656E7469636174696F6E2E416273747261637441757468656E7469636174696F6E546F6B656ED3AA287E6E47640E0200035A000D61757468656E746963617465644C000B617574686F7269746965737400164C6A6176612F7574696C2F436F6C6C656374696F6E3B4C000764657461696C737400124C6A6176612F6C616E672F4F626A6563743B787000737200266A6176612E7574696C2E436F6C6C656374696F6E7324556E6D6F6469666961626C654C697374FC0F2531B5EC8E100200014C00046C6973747400104C6A6176612F7574696C2F4C6973743B7872002C6A6176612E7574696C2E436F6C6C656374696F6E7324556E6D6F6469666961626C65436F6C6C656374696F6E19420080CB5EF71E0200014C00016371007E00047870737200136A6176612E7574696C2E41727261794C6973747881D21D99C7619D03000149000473697A657870000000007704000000007871007E000C707372003A6F72672E737072696E676672616D65776F726B2E73656375726974792E6F61757468322E70726F76696465722E4F41757468325265717565737400000000000000010200075A0008617070726F7665644C000B617574686F72697469657371007E00044C000A657874656E73696F6E7374000F4C6A6176612F7574696C2F4D61703B4C000B72656469726563745572697400124C6A6176612F6C616E672F537472696E673B4C00077265667265736874003B4C6F72672F737072696E676672616D65776F726B2F73656375726974792F6F61757468322F70726F76696465722F546F6B656E526571756573743B4C000B7265736F7572636549647374000F4C6A6176612F7574696C2F5365743B4C000D726573706F6E7365547970657371007E0011787200386F72672E737072696E676672616D65776F726B2E73656375726974792E6F61757468322E70726F76696465722E426173655265717565737436287A3EA37169BD0200034C0008636C69656E74496471007E000F4C001172657175657374506172616D657465727371007E000E4C000573636F706571007E00117870740004746F6E72737200256A6176612E7574696C2E436F6C6C656374696F6E7324556E6D6F6469666961626C654D6170F1A5A8FE74F507420200014C00016D71007E000E7870737200116A6176612E7574696C2E486173684D61700507DAC1C31660D103000246000A6C6F6164466163746F724900097468726573686F6C6478703F400000000000037708000000040000000274000A6772616E745F74797065740012636C69656E745F63726564656E7469616C7374000573636F706574000A7265616420777269746578737200256A6176612E7574696C2E436F6C6C656374696F6E7324556E6D6F6469666961626C65536574801D92D18F9B80550200007871007E0009737200176A6176612E7574696C2E4C696E6B656448617368536574D86CD75A95DD2A1E020000787200116A6176612E7574696C2E48617368536574BA44859596B8B7340300007870770C000000103F4000000000000274000472656164740005777269746578017371007E0020770C000000103F40000000000000787371007E00173F40000000000000770800000010000000007870707371007E0020770C000000103F400000000000017400096672616D65776F726B787371007E0020770C000000103F400000000000007870, null);
INSERT INTO `oauth_access_token` VALUES ('3412c4b62bd40b13ae9851eabfaffc57', 0xACED0005737200436F72672E737072696E676672616D65776F726B2E73656375726974792E6F61757468322E636F6D6D6F6E2E44656661756C744F4175746832416363657373546F6B656E0CB29E361B24FACE0200064C00156164646974696F6E616C496E666F726D6174696F6E74000F4C6A6176612F7574696C2F4D61703B4C000A65787069726174696F6E7400104C6A6176612F7574696C2F446174653B4C000C72656672657368546F6B656E74003F4C6F72672F737072696E676672616D65776F726B2F73656375726974792F6F61757468322F636F6D6D6F6E2F4F417574683252656672657368546F6B656E3B4C000573636F706574000F4C6A6176612F7574696C2F5365743B4C0009746F6B656E547970657400124C6A6176612F6C616E672F537472696E673B4C000576616C756571007E000578707372001E6A6176612E7574696C2E436F6C6C656374696F6E7324456D7074794D6170593614855ADCE7D002000078707372000E6A6176612E7574696C2E44617465686A81014B59741903000078707708000001600469A00D787372004C6F72672E737072696E676672616D65776F726B2E73656375726974792E6F61757468322E636F6D6D6F6E2E44656661756C744578706972696E674F417574683252656672657368546F6B656E2FDF47639DD0C9B70200014C000A65787069726174696F6E71007E0002787200446F72672E737072696E676672616D65776F726B2E73656375726974792E6F61757468322E636F6D6D6F6E2E44656661756C744F417574683252656672657368546F6B656E73E10E0A6354D45E0200014C000576616C756571007E0005787074002464333962366632352D663264382D343238322D393635362D3530666137323835323534617371007E00097708000001609C553A0C78737200256A6176612E7574696C2E436F6C6C656374696F6E7324556E6D6F6469666961626C65536574801D92D18F9B80550200007872002C6A6176612E7574696C2E436F6C6C656374696F6E7324556E6D6F6469666961626C65436F6C6C656374696F6E19420080CB5EF71E0200014C0001637400164C6A6176612F7574696C2F436F6C6C656374696F6E3B7870737200176A6176612E7574696C2E4C696E6B656448617368536574D86CD75A95DD2A1E020000787200116A6176612E7574696C2E48617368536574BA44859596B8B7340300007870770C000000103F4000000000000374000472656164740005777269746574000574727573747874000662656172657274002466353735636433352D363331372D343938662D396234332D646638633439373965336366, '3b81d145452f5592e6af39f632f56690', 'admin', 'tonr', 0xACED0005737200416F72672E737072696E676672616D65776F726B2E73656375726974792E6F61757468322E70726F76696465722E4F417574683241757468656E7469636174696F6EBD400B02166252130200024C000D73746F7265645265717565737474003C4C6F72672F737072696E676672616D65776F726B2F73656375726974792F6F61757468322F70726F76696465722F4F4175746832526571756573743B4C00127573657241757468656E7469636174696F6E7400324C6F72672F737072696E676672616D65776F726B2F73656375726974792F636F72652F41757468656E7469636174696F6E3B787200476F72672E737072696E676672616D65776F726B2E73656375726974792E61757468656E7469636174696F6E2E416273747261637441757468656E7469636174696F6E546F6B656ED3AA287E6E47640E0200035A000D61757468656E746963617465644C000B617574686F7269746965737400164C6A6176612F7574696C2F436F6C6C656374696F6E3B4C000764657461696C737400124C6A6176612F6C616E672F4F626A6563743B787000737200266A6176612E7574696C2E436F6C6C656374696F6E7324556E6D6F6469666961626C654C697374FC0F2531B5EC8E100200014C00046C6973747400104C6A6176612F7574696C2F4C6973743B7872002C6A6176612E7574696C2E436F6C6C656374696F6E7324556E6D6F6469666961626C65436F6C6C656374696F6E19420080CB5EF71E0200014C00016371007E00047870737200136A6176612E7574696C2E41727261794C6973747881D21D99C7619D03000149000473697A65787000000001770400000001737200426F72672E737072696E676672616D65776F726B2E73656375726974792E636F72652E617574686F726974792E53696D706C654772616E746564417574686F7269747900000000000001A40200014C0004726F6C657400124C6A6176612F6C616E672F537472696E673B787074000541444D494E7871007E000C707372003A6F72672E737072696E676672616D65776F726B2E73656375726974792E6F61757468322E70726F76696465722E4F41757468325265717565737400000000000000010200075A0008617070726F7665644C000B617574686F72697469657371007E00044C000A657874656E73696F6E7374000F4C6A6176612F7574696C2F4D61703B4C000B726564697265637455726971007E000E4C00077265667265736874003B4C6F72672F737072696E676672616D65776F726B2F73656375726974792F6F61757468322F70726F76696465722F546F6B656E526571756573743B4C000B7265736F7572636549647374000F4C6A6176612F7574696C2F5365743B4C000D726573706F6E7365547970657371007E0014787200386F72672E737072696E676672616D65776F726B2E73656375726974792E6F61757468322E70726F76696465722E426173655265717565737436287A3EA37169BD0200034C0008636C69656E74496471007E000E4C001172657175657374506172616D657465727371007E00124C000573636F706571007E00147870740004746F6E72737200256A6176612E7574696C2E436F6C6C656374696F6E7324556E6D6F6469666961626C654D6170F1A5A8FE74F507420200014C00016D71007E00127870737200116A6176612E7574696C2E486173684D61700507DAC1C31660D103000246000A6C6F6164466163746F724900097468726573686F6C6478703F400000000000067708000000080000000374000A6772616E745F7479706574000870617373776F7264740009636C69656E745F6964740004746F6E72740008757365726E616D6574000561646D696E78737200256A6176612E7574696C2E436F6C6C656374696F6E7324556E6D6F6469666961626C65536574801D92D18F9B80550200007871007E0009737200176A6176612E7574696C2E4C696E6B656448617368536574D86CD75A95DD2A1E020000787200116A6176612E7574696C2E48617368536574BA44859596B8B7340300007870770C000000103F40000000000003740004726561647400057772697465740005747275737478017371007E0025770C000000103F40000000000000787371007E001A3F40000000000000770800000010000000007870707371007E0025770C000000103F400000000000017400096672616D65776F726B787371007E0025770C000000103F40000000000000787372004F6F72672E737072696E676672616D65776F726B2E73656375726974792E61757468656E7469636174696F6E2E557365726E616D6550617373776F726441757468656E7469636174696F6E546F6B656E00000000000001A40200024C000B63726564656E7469616C7371007E00054C00097072696E636970616C71007E00057871007E0003017371007E00077371007E000B0000000177040000000171007E000F7871007E0032737200176A6176612E7574696C2E4C696E6B6564486173684D617034C04E5C106CC0FB0200015A000B6163636573734F726465727871007E001A3F400000000000067708000000080000000474000D636C69656E745F73656372657474000673656372657471007E001C71007E001D71007E001E71007E001F71007E002071007E0021780070737200326F72672E737072696E676672616D65776F726B2E73656375726974792E636F72652E7573657264657461696C732E5573657200000000000001A40200075A00116163636F756E744E6F6E457870697265645A00106163636F756E744E6F6E4C6F636B65645A001563726564656E7469616C734E6F6E457870697265645A0007656E61626C65644C000B617574686F72697469657371007E00144C000870617373776F726471007E000E4C0008757365726E616D6571007E000E7870010101017371007E0022737200116A6176612E7574696C2E54726565536574DD98509395ED875B0300007870737200466F72672E737072696E676672616D65776F726B2E73656375726974792E636F72652E7573657264657461696C732E5573657224417574686F72697479436F6D70617261746F7200000000000001A4020000787077040000000171007E000F787071007E0021, '75de2c0c6738a1604e76a19866b33293');
INSERT INTO `oauth_access_token` VALUES ('2fc953555863ba45a87f63712532992c', 0xACED0005737200436F72672E737072696E676672616D65776F726B2E73656375726974792E6F61757468322E636F6D6D6F6E2E44656661756C744F4175746832416363657373546F6B656E0CB29E361B24FACE0200064C00156164646974696F6E616C496E666F726D6174696F6E74000F4C6A6176612F7574696C2F4D61703B4C000A65787069726174696F6E7400104C6A6176612F7574696C2F446174653B4C000C72656672657368546F6B656E74003F4C6F72672F737072696E676672616D65776F726B2F73656375726974792F6F61757468322F636F6D6D6F6E2F4F417574683252656672657368546F6B656E3B4C000573636F706574000F4C6A6176612F7574696C2F5365743B4C0009746F6B656E547970657400124C6A6176612F6C616E672F537472696E673B4C000576616C756571007E000578707372001E6A6176612E7574696C2E436F6C6C656374696F6E7324456D7074794D6170593614855ADCE7D002000078707372000E6A6176612E7574696C2E44617465686A81014B597419030000787077080000016004128C83787372004C6F72672E737072696E676672616D65776F726B2E73656375726974792E6F61757468322E636F6D6D6F6E2E44656661756C744578706972696E674F417574683252656672657368546F6B656E2FDF47639DD0C9B70200014C000A65787069726174696F6E71007E0002787200446F72672E737072696E676672616D65776F726B2E73656375726974792E6F61757468322E636F6D6D6F6E2E44656661756C744F417574683252656672657368546F6B656E73E10E0A6354D45E0200014C000576616C756571007E0005787074002430343732373637332D313833632D343938662D393238302D3462366233643237323561367371007E00097708000001609BFE268278737200256A6176612E7574696C2E436F6C6C656374696F6E7324556E6D6F6469666961626C65536574801D92D18F9B80550200007872002C6A6176612E7574696C2E436F6C6C656374696F6E7324556E6D6F6469666961626C65436F6C6C656374696F6E19420080CB5EF71E0200014C0001637400164C6A6176612F7574696C2F436F6C6C656374696F6E3B7870737200176A6176612E7574696C2E4C696E6B656448617368536574D86CD75A95DD2A1E020000787200116A6176612E7574696C2E48617368536574BA44859596B8B7340300007870770C000000043F4000000000000374000472656164740005777269746574000574727573747874000662656172657274002431343632633436362D343038322D343762612D626666372D366637636132383833666263, '4af6f9a17d49b73fd5df8ea68230874a', '13555770684', 'tonr', 0xACED0005737200416F72672E737072696E676672616D65776F726B2E73656375726974792E6F61757468322E70726F76696465722E4F417574683241757468656E7469636174696F6EBD400B02166252130200024C000D73746F7265645265717565737474003C4C6F72672F737072696E676672616D65776F726B2F73656375726974792F6F61757468322F70726F76696465722F4F4175746832526571756573743B4C00127573657241757468656E7469636174696F6E7400324C6F72672F737072696E676672616D65776F726B2F73656375726974792F636F72652F41757468656E7469636174696F6E3B787200476F72672E737072696E676672616D65776F726B2E73656375726974792E61757468656E7469636174696F6E2E416273747261637441757468656E7469636174696F6E546F6B656ED3AA287E6E47640E0200035A000D61757468656E746963617465644C000B617574686F7269746965737400164C6A6176612F7574696C2F436F6C6C656374696F6E3B4C000764657461696C737400124C6A6176612F6C616E672F4F626A6563743B787000737200266A6176612E7574696C2E436F6C6C656374696F6E7324556E6D6F6469666961626C654C697374FC0F2531B5EC8E100200014C00046C6973747400104C6A6176612F7574696C2F4C6973743B7872002C6A6176612E7574696C2E436F6C6C656374696F6E7324556E6D6F6469666961626C65436F6C6C656374696F6E19420080CB5EF71E0200014C00016371007E00047870737200136A6176612E7574696C2E41727261794C6973747881D21D99C7619D03000149000473697A65787000000001770400000001737200426F72672E737072696E676672616D65776F726B2E73656375726974792E636F72652E617574686F726974792E53696D706C654772616E746564417574686F7269747900000000000001A40200014C0004726F6C657400124C6A6176612F6C616E672F537472696E673B78707400064D454D4245527871007E000C707372003A6F72672E737072696E676672616D65776F726B2E73656375726974792E6F61757468322E70726F76696465722E4F41757468325265717565737400000000000000010200075A0008617070726F7665644C000B617574686F72697469657371007E00044C000A657874656E73696F6E7374000F4C6A6176612F7574696C2F4D61703B4C000B726564697265637455726971007E000E4C00077265667265736874003B4C6F72672F737072696E676672616D65776F726B2F73656375726974792F6F61757468322F70726F76696465722F546F6B656E526571756573743B4C000B7265736F7572636549647374000F4C6A6176612F7574696C2F5365743B4C000D726573706F6E7365547970657371007E0014787200386F72672E737072696E676672616D65776F726B2E73656375726974792E6F61757468322E70726F76696465722E426173655265717565737436287A3EA37169BD0200034C0008636C69656E74496471007E000E4C001172657175657374506172616D657465727371007E00124C000573636F706571007E00147870740004746F6E72737200256A6176612E7574696C2E436F6C6C656374696F6E7324556E6D6F6469666961626C654D6170F1A5A8FE74F507420200014C00016D71007E00127870737200116A6176612E7574696C2E486173684D61700507DAC1C31660D103000246000A6C6F6164466163746F724900097468726573686F6C6478703F400000000000067708000000080000000374000A6772616E745F7479706574000870617373776F7264740009636C69656E745F6964740004746F6E72740008757365726E616D6574000B313335353537373036383478737200256A6176612E7574696C2E436F6C6C656374696F6E7324556E6D6F6469666961626C65536574801D92D18F9B80550200007871007E0009737200176A6176612E7574696C2E4C696E6B656448617368536574D86CD75A95DD2A1E020000787200116A6176612E7574696C2E48617368536574BA44859596B8B7340300007870770C000000103F40000000000003740004726561647400057772697465740005747275737478017371007E0025770C000000103F40000000000000787371007E001A3F40000000000000770800000010000000007870707371007E0025770C000000103F400000000000017400096672616D65776F726B787371007E0025770C000000103F40000000000000787372004F6F72672E737072696E676672616D65776F726B2E73656375726974792E61757468656E7469636174696F6E2E557365726E616D6550617373776F726441757468656E7469636174696F6E546F6B656E00000000000001A40200024C000B63726564656E7469616C7371007E00054C00097072696E636970616C71007E00057871007E0003017371007E00077371007E000B0000000177040000000171007E000F7871007E0032737200176A6176612E7574696C2E4C696E6B6564486173684D617034C04E5C106CC0FB0200015A000B6163636573734F726465727871007E001A3F400000000000067708000000080000000474000D636C69656E745F73656372657474000673656372657471007E001C71007E001D71007E001E71007E001F71007E002071007E0021780070737200326F72672E737072696E676672616D65776F726B2E73656375726974792E636F72652E7573657264657461696C732E5573657200000000000001A40200075A00116163636F756E744E6F6E457870697265645A00106163636F756E744E6F6E4C6F636B65645A001563726564656E7469616C734E6F6E457870697265645A0007656E61626C65644C000B617574686F72697469657371007E00144C000870617373776F726471007E000E4C0008757365726E616D6571007E000E7870010101017371007E0022737200116A6176612E7574696C2E54726565536574DD98509395ED875B0300007870737200466F72672E737072696E676672616D65776F726B2E73656375726974792E636F72652E7573657264657461696C732E5573657224417574686F72697479436F6D70617261746F7200000000000001A4020000787077040000000171007E000F787071007E0021, 'ca8829c3e04c1d3c1397161eea0c308c');
INSERT INTO `oauth_access_token` VALUES ('918d4e9514ace5b160605b816f7ca372', 0xACED0005737200436F72672E737072696E676672616D65776F726B2E73656375726974792E6F61757468322E636F6D6D6F6E2E44656661756C744F4175746832416363657373546F6B656E0CB29E361B24FACE0200064C00156164646974696F6E616C496E666F726D6174696F6E74000F4C6A6176612F7574696C2F4D61703B4C000A65787069726174696F6E7400104C6A6176612F7574696C2F446174653B4C000C72656672657368546F6B656E74003F4C6F72672F737072696E676672616D65776F726B2F73656375726974792F6F61757468322F636F6D6D6F6E2F4F417574683252656672657368546F6B656E3B4C000573636F706574000F4C6A6176612F7574696C2F5365743B4C0009746F6B656E547970657400124C6A6176612F6C616E672F537472696E673B4C000576616C756571007E000578707372001E6A6176612E7574696C2E436F6C6C656374696F6E7324456D7074794D6170593614855ADCE7D002000078707372000E6A6176612E7574696C2E44617465686A81014B597419030000787077080000015FDBEB66B0787372004C6F72672E737072696E676672616D65776F726B2E73656375726974792E6F61757468322E636F6D6D6F6E2E44656661756C744578706972696E674F417574683252656672657368546F6B656E2FDF47639DD0C9B70200014C000A65787069726174696F6E71007E0002787200446F72672E737072696E676672616D65776F726B2E73656375726974792E6F61757468322E636F6D6D6F6E2E44656661756C744F417574683252656672657368546F6B656E73E10E0A6354D45E0200014C000576616C756571007E0005787074002438356362393235652D613232342D343865322D383165642D6164323039326439316338657371007E000977080000016073D700AF78737200256A6176612E7574696C2E436F6C6C656374696F6E7324556E6D6F6469666961626C65536574801D92D18F9B80550200007872002C6A6176612E7574696C2E436F6C6C656374696F6E7324556E6D6F6469666961626C65436F6C6C656374696F6E19420080CB5EF71E0200014C0001637400164C6A6176612F7574696C2F436F6C6C656374696F6E3B7870737200176A6176612E7574696C2E4C696E6B656448617368536574D86CD75A95DD2A1E020000787200116A6176612E7574696C2E48617368536574BA44859596B8B7340300007870770C000000103F4000000000000374000472656164740005777269746574000574727573747874000662656172657274002437633362656664622D383639302D346230352D626130332D323539646635366538636434, '88266eb6e14653a517d55dbe6db53115', '18640068590', 'tonr', 0xACED0005737200416F72672E737072696E676672616D65776F726B2E73656375726974792E6F61757468322E70726F76696465722E4F417574683241757468656E7469636174696F6EBD400B02166252130200024C000D73746F7265645265717565737474003C4C6F72672F737072696E676672616D65776F726B2F73656375726974792F6F61757468322F70726F76696465722F4F4175746832526571756573743B4C00127573657241757468656E7469636174696F6E7400324C6F72672F737072696E676672616D65776F726B2F73656375726974792F636F72652F41757468656E7469636174696F6E3B787200476F72672E737072696E676672616D65776F726B2E73656375726974792E61757468656E7469636174696F6E2E416273747261637441757468656E7469636174696F6E546F6B656ED3AA287E6E47640E0200035A000D61757468656E746963617465644C000B617574686F7269746965737400164C6A6176612F7574696C2F436F6C6C656374696F6E3B4C000764657461696C737400124C6A6176612F6C616E672F4F626A6563743B787000737200266A6176612E7574696C2E436F6C6C656374696F6E7324556E6D6F6469666961626C654C697374FC0F2531B5EC8E100200014C00046C6973747400104C6A6176612F7574696C2F4C6973743B7872002C6A6176612E7574696C2E436F6C6C656374696F6E7324556E6D6F6469666961626C65436F6C6C656374696F6E19420080CB5EF71E0200014C00016371007E00047870737200136A6176612E7574696C2E41727261794C6973747881D21D99C7619D03000149000473697A65787000000001770400000001737200426F72672E737072696E676672616D65776F726B2E73656375726974792E636F72652E617574686F726974792E53696D706C654772616E746564417574686F7269747900000000000001A40200014C0004726F6C657400124C6A6176612F6C616E672F537472696E673B78707400064D454D4245527871007E000C707372003A6F72672E737072696E676672616D65776F726B2E73656375726974792E6F61757468322E70726F76696465722E4F41757468325265717565737400000000000000010200075A0008617070726F7665644C000B617574686F72697469657371007E00044C000A657874656E73696F6E7374000F4C6A6176612F7574696C2F4D61703B4C000B726564697265637455726971007E000E4C00077265667265736874003B4C6F72672F737072696E676672616D65776F726B2F73656375726974792F6F61757468322F70726F76696465722F546F6B656E526571756573743B4C000B7265736F7572636549647374000F4C6A6176612F7574696C2F5365743B4C000D726573706F6E7365547970657371007E0014787200386F72672E737072696E676672616D65776F726B2E73656375726974792E6F61757468322E70726F76696465722E426173655265717565737436287A3EA37169BD0200034C0008636C69656E74496471007E000E4C001172657175657374506172616D657465727371007E00124C000573636F706571007E00147870740004746F6E72737200256A6176612E7574696C2E436F6C6C656374696F6E7324556E6D6F6469666961626C654D6170F1A5A8FE74F507420200014C00016D71007E00127870737200116A6176612E7574696C2E486173684D61700507DAC1C31660D103000246000A6C6F6164466163746F724900097468726573686F6C6478703F400000000000067708000000080000000374000A6772616E745F7479706574000870617373776F7264740009636C69656E745F6964740004746F6E72740008757365726E616D6574000B313836343030363835393078737200256A6176612E7574696C2E436F6C6C656374696F6E7324556E6D6F6469666961626C65536574801D92D18F9B80550200007871007E0009737200176A6176612E7574696C2E4C696E6B656448617368536574D86CD75A95DD2A1E020000787200116A6176612E7574696C2E48617368536574BA44859596B8B7340300007870770C000000103F40000000000003740004726561647400057772697465740005747275737478017371007E0025770C000000103F40000000000000787371007E001A3F40000000000000770800000010000000007870707371007E0025770C000000103F400000000000017400096672616D65776F726B787371007E0025770C000000103F40000000000000787372004F6F72672E737072696E676672616D65776F726B2E73656375726974792E61757468656E7469636174696F6E2E557365726E616D6550617373776F726441757468656E7469636174696F6E546F6B656E00000000000001A40200024C000B63726564656E7469616C7371007E00054C00097072696E636970616C71007E00057871007E0003017371007E00077371007E000B0000000177040000000171007E000F7871007E0032737200176A6176612E7574696C2E4C696E6B6564486173684D617034C04E5C106CC0FB0200015A000B6163636573734F726465727871007E001A3F400000000000067708000000080000000474000D636C69656E745F73656372657474000673656372657471007E001C71007E001D71007E001E71007E001F71007E002071007E0021780070737200326F72672E737072696E676672616D65776F726B2E73656375726974792E636F72652E7573657264657461696C732E5573657200000000000001A40200075A00116163636F756E744E6F6E457870697265645A00106163636F756E744E6F6E4C6F636B65645A001563726564656E7469616C734E6F6E457870697265645A0007656E61626C65644C000B617574686F72697469657371007E00144C000870617373776F726471007E000E4C0008757365726E616D6571007E000E7870010101017371007E0022737200116A6176612E7574696C2E54726565536574DD98509395ED875B0300007870737200466F72672E737072696E676672616D65776F726B2E73656375726974792E636F72652E7573657264657461696C732E5573657224417574686F72697479436F6D70617261746F7200000000000001A4020000787077040000000171007E000F787071007E0021, '0d5eb147b0be51c438f110dcaf78859d');
INSERT INTO `oauth_access_token` VALUES ('177c8ba18734445fc8a9f667dc675158', 0xACED0005737200436F72672E737072696E676672616D65776F726B2E73656375726974792E6F61757468322E636F6D6D6F6E2E44656661756C744F4175746832416363657373546F6B656E0CB29E361B24FACE0200064C00156164646974696F6E616C496E666F726D6174696F6E74000F4C6A6176612F7574696C2F4D61703B4C000A65787069726174696F6E7400104C6A6176612F7574696C2F446174653B4C000C72656672657368546F6B656E74003F4C6F72672F737072696E676672616D65776F726B2F73656375726974792F6F61757468322F636F6D6D6F6E2F4F417574683252656672657368546F6B656E3B4C000573636F706574000F4C6A6176612F7574696C2F5365743B4C0009746F6B656E547970657400124C6A6176612F6C616E672F537472696E673B4C000576616C756571007E000578707372001E6A6176612E7574696C2E436F6C6C656374696F6E7324456D7074794D6170593614855ADCE7D002000078707372000E6A6176612E7574696C2E44617465686A81014B597419030000787077080000015ED3FD238B7870737200256A6176612E7574696C2E436F6C6C656374696F6E7324556E6D6F6469666961626C65536574801D92D18F9B80550200007872002C6A6176612E7574696C2E436F6C6C656374696F6E7324556E6D6F6469666961626C65436F6C6C656374696F6E19420080CB5EF71E0200014C0001637400164C6A6176612F7574696C2F436F6C6C656374696F6E3B7870737200176A6176612E7574696C2E4C696E6B656448617368536574D86CD75A95DD2A1E020000787200116A6176612E7574696C2E48617368536574BA44859596B8B7340300007870770C000000103F4000000000000374000472656164740005777269746574000574727573747874000662656172657274002431383063396637322D363431342D343865642D613336622D316564633636646366373831, 'a332ec7ccd1dd8819161d91c60aea61f', null, 'tonr', 0xACED0005737200416F72672E737072696E676672616D65776F726B2E73656375726974792E6F61757468322E70726F76696465722E4F417574683241757468656E7469636174696F6EBD400B02166252130200024C000D73746F7265645265717565737474003C4C6F72672F737072696E676672616D65776F726B2F73656375726974792F6F61757468322F70726F76696465722F4F4175746832526571756573743B4C00127573657241757468656E7469636174696F6E7400324C6F72672F737072696E676672616D65776F726B2F73656375726974792F636F72652F41757468656E7469636174696F6E3B787200476F72672E737072696E676672616D65776F726B2E73656375726974792E61757468656E7469636174696F6E2E416273747261637441757468656E7469636174696F6E546F6B656ED3AA287E6E47640E0200035A000D61757468656E746963617465644C000B617574686F7269746965737400164C6A6176612F7574696C2F436F6C6C656374696F6E3B4C000764657461696C737400124C6A6176612F6C616E672F4F626A6563743B787000737200266A6176612E7574696C2E436F6C6C656374696F6E7324556E6D6F6469666961626C654C697374FC0F2531B5EC8E100200014C00046C6973747400104C6A6176612F7574696C2F4C6973743B7872002C6A6176612E7574696C2E436F6C6C656374696F6E7324556E6D6F6469666961626C65436F6C6C656374696F6E19420080CB5EF71E0200014C00016371007E00047870737200136A6176612E7574696C2E41727261794C6973747881D21D99C7619D03000149000473697A657870000000007704000000007871007E000C707372003A6F72672E737072696E676672616D65776F726B2E73656375726974792E6F61757468322E70726F76696465722E4F41757468325265717565737400000000000000010200075A0008617070726F7665644C000B617574686F72697469657371007E00044C000A657874656E73696F6E7374000F4C6A6176612F7574696C2F4D61703B4C000B72656469726563745572697400124C6A6176612F6C616E672F537472696E673B4C00077265667265736874003B4C6F72672F737072696E676672616D65776F726B2F73656375726974792F6F61757468322F70726F76696465722F546F6B656E526571756573743B4C000B7265736F7572636549647374000F4C6A6176612F7574696C2F5365743B4C000D726573706F6E7365547970657371007E0011787200386F72672E737072696E676672616D65776F726B2E73656375726974792E6F61757468322E70726F76696465722E426173655265717565737436287A3EA37169BD0200034C0008636C69656E74496471007E000F4C001172657175657374506172616D657465727371007E000E4C000573636F706571007E00117870740004746F6E72737200256A6176612E7574696C2E436F6C6C656374696F6E7324556E6D6F6469666961626C654D6170F1A5A8FE74F507420200014C00016D71007E000E7870737200116A6176612E7574696C2E486173684D61700507DAC1C31660D103000246000A6C6F6164466163746F724900097468726573686F6C6478703F400000000000037708000000040000000274000A6772616E745F74797065740012636C69656E745F63726564656E7469616C73740009636C69656E745F6964740004746F6E7278737200256A6176612E7574696C2E436F6C6C656374696F6E7324556E6D6F6469666961626C65536574801D92D18F9B80550200007871007E0009737200176A6176612E7574696C2E4C696E6B656448617368536574D86CD75A95DD2A1E020000787200116A6176612E7574696C2E48617368536574BA44859596B8B7340300007870770C000000103F40000000000003740004726561647400057772697465740005747275737478017371007E0020770C000000103F40000000000000787371007E00173F40000000000000770800000010000000007870707371007E0020770C000000103F400000000000017400096672616D65776F726B787371007E0020770C000000103F400000000000007870, null);
INSERT INTO `oauth_access_token` VALUES ('f35ccf37828eb57dc0bb2bb268c79ddf', 0xACED0005737200436F72672E737072696E676672616D65776F726B2E73656375726974792E6F61757468322E636F6D6D6F6E2E44656661756C744F4175746832416363657373546F6B656E0CB29E361B24FACE0200064C00156164646974696F6E616C496E666F726D6174696F6E74000F4C6A6176612F7574696C2F4D61703B4C000A65787069726174696F6E7400104C6A6176612F7574696C2F446174653B4C000C72656672657368546F6B656E74003F4C6F72672F737072696E676672616D65776F726B2F73656375726974792F6F61757468322F636F6D6D6F6E2F4F417574683252656672657368546F6B656E3B4C000573636F706574000F4C6A6176612F7574696C2F5365743B4C0009746F6B656E547970657400124C6A6176612F6C616E672F537472696E673B4C000576616C756571007E000578707372001E6A6176612E7574696C2E436F6C6C656374696F6E7324456D7074794D6170593614855ADCE7D002000078707372000E6A6176612E7574696C2E44617465686A81014B597419030000787077080000016008D6DDE5787372004C6F72672E737072696E676672616D65776F726B2E73656375726974792E6F61757468322E636F6D6D6F6E2E44656661756C744578706972696E674F417574683252656672657368546F6B656E2FDF47639DD0C9B70200014C000A65787069726174696F6E71007E0002787200446F72672E737072696E676672616D65776F726B2E73656375726974792E6F61757468322E636F6D6D6F6E2E44656661756C744F417574683252656672657368546F6B656E73E10E0A6354D45E0200014C000576616C756571007E0005787074002462363162323236372D366662362D343163332D616530392D6464306465626331643264387371007E000977080000016072C48BAD78737200256A6176612E7574696C2E436F6C6C656374696F6E7324556E6D6F6469666961626C65536574801D92D18F9B80550200007872002C6A6176612E7574696C2E436F6C6C656374696F6E7324556E6D6F6469666961626C65436F6C6C656374696F6E19420080CB5EF71E0200014C0001637400164C6A6176612F7574696C2F436F6C6C656374696F6E3B7870737200176A6176612E7574696C2E4C696E6B656448617368536574D86CD75A95DD2A1E020000787200116A6176612E7574696C2E48617368536574BA44859596B8B7340300007870770C000000043F4000000000000374000472656164740005777269746574000574727573747874000662656172657274002466316136373165302D316263652D346434652D386530312D626634343531366235373434, 'd6bd452a82f834f5164243cd3fea6d8a', '18640019220', 'tonr', 0xACED0005737200416F72672E737072696E676672616D65776F726B2E73656375726974792E6F61757468322E70726F76696465722E4F417574683241757468656E7469636174696F6EBD400B02166252130200024C000D73746F7265645265717565737474003C4C6F72672F737072696E676672616D65776F726B2F73656375726974792F6F61757468322F70726F76696465722F4F4175746832526571756573743B4C00127573657241757468656E7469636174696F6E7400324C6F72672F737072696E676672616D65776F726B2F73656375726974792F636F72652F41757468656E7469636174696F6E3B787200476F72672E737072696E676672616D65776F726B2E73656375726974792E61757468656E7469636174696F6E2E416273747261637441757468656E7469636174696F6E546F6B656ED3AA287E6E47640E0200035A000D61757468656E746963617465644C000B617574686F7269746965737400164C6A6176612F7574696C2F436F6C6C656374696F6E3B4C000764657461696C737400124C6A6176612F6C616E672F4F626A6563743B787000737200266A6176612E7574696C2E436F6C6C656374696F6E7324556E6D6F6469666961626C654C697374FC0F2531B5EC8E100200014C00046C6973747400104C6A6176612F7574696C2F4C6973743B7872002C6A6176612E7574696C2E436F6C6C656374696F6E7324556E6D6F6469666961626C65436F6C6C656374696F6E19420080CB5EF71E0200014C00016371007E00047870737200136A6176612E7574696C2E41727261794C6973747881D21D99C7619D03000149000473697A65787000000001770400000001737200426F72672E737072696E676672616D65776F726B2E73656375726974792E636F72652E617574686F726974792E53696D706C654772616E746564417574686F7269747900000000000001A40200014C0004726F6C657400124C6A6176612F6C616E672F537472696E673B78707400064D454D4245527871007E000C707372003A6F72672E737072696E676672616D65776F726B2E73656375726974792E6F61757468322E70726F76696465722E4F41757468325265717565737400000000000000010200075A0008617070726F7665644C000B617574686F72697469657371007E00044C000A657874656E73696F6E7374000F4C6A6176612F7574696C2F4D61703B4C000B726564697265637455726971007E000E4C00077265667265736874003B4C6F72672F737072696E676672616D65776F726B2F73656375726974792F6F61757468322F70726F76696465722F546F6B656E526571756573743B4C000B7265736F7572636549647374000F4C6A6176612F7574696C2F5365743B4C000D726573706F6E7365547970657371007E0014787200386F72672E737072696E676672616D65776F726B2E73656375726974792E6F61757468322E70726F76696465722E426173655265717565737436287A3EA37169BD0200034C0008636C69656E74496471007E000E4C001172657175657374506172616D657465727371007E00124C000573636F706571007E00147870740004746F6E72737200256A6176612E7574696C2E436F6C6C656374696F6E7324556E6D6F6469666961626C654D6170F1A5A8FE74F507420200014C00016D71007E00127870737200116A6176612E7574696C2E486173684D61700507DAC1C31660D103000246000A6C6F6164466163746F724900097468726573686F6C6478703F400000000000067708000000080000000374000A6772616E745F7479706574000870617373776F7264740009636C69656E745F6964740004746F6E72740008757365726E616D6574000B313836343030313932323078737200256A6176612E7574696C2E436F6C6C656374696F6E7324556E6D6F6469666961626C65536574801D92D18F9B80550200007871007E0009737200176A6176612E7574696C2E4C696E6B656448617368536574D86CD75A95DD2A1E020000787200116A6176612E7574696C2E48617368536574BA44859596B8B7340300007870770C000000103F40000000000003740004726561647400057772697465740005747275737478017371007E0025770C000000103F40000000000000787371007E001A3F40000000000000770800000010000000007870707371007E0025770C000000103F400000000000017400096672616D65776F726B787371007E0025770C000000103F40000000000000787372004F6F72672E737072696E676672616D65776F726B2E73656375726974792E61757468656E7469636174696F6E2E557365726E616D6550617373776F726441757468656E7469636174696F6E546F6B656E00000000000001A40200024C000B63726564656E7469616C7371007E00054C00097072696E636970616C71007E00057871007E0003017371007E00077371007E000B0000000177040000000171007E000F7871007E0032737200176A6176612E7574696C2E4C696E6B6564486173684D617034C04E5C106CC0FB0200015A000B6163636573734F726465727871007E001A3F400000000000067708000000080000000474000D636C69656E745F73656372657474000673656372657471007E001C71007E001D71007E001E71007E001F71007E002071007E0021780070737200326F72672E737072696E676672616D65776F726B2E73656375726974792E636F72652E7573657264657461696C732E5573657200000000000001A40200075A00116163636F756E744E6F6E457870697265645A00106163636F756E744E6F6E4C6F636B65645A001563726564656E7469616C734E6F6E457870697265645A0007656E61626C65644C000B617574686F72697469657371007E00144C000870617373776F726471007E000E4C0008757365726E616D6571007E000E7870010101017371007E0022737200116A6176612E7574696C2E54726565536574DD98509395ED875B0300007870737200466F72672E737072696E676672616D65776F726B2E73656375726974792E636F72652E7573657264657461696C732E5573657224417574686F72697479436F6D70617261746F7200000000000001A4020000787077040000000171007E000F787071007E0021, 'f05931292f28c22df52eae79c3a6939c');
INSERT INTO `oauth_access_token` VALUES ('8be38e72b8cd88059d0f243f439d24dc', 0xACED0005737200436F72672E737072696E676672616D65776F726B2E73656375726974792E6F61757468322E636F6D6D6F6E2E44656661756C744F4175746832416363657373546F6B656E0CB29E361B24FACE0200064C00156164646974696F6E616C496E666F726D6174696F6E74000F4C6A6176612F7574696C2F4D61703B4C000A65787069726174696F6E7400104C6A6176612F7574696C2F446174653B4C000C72656672657368546F6B656E74003F4C6F72672F737072696E676672616D65776F726B2F73656375726974792F6F61757468322F636F6D6D6F6E2F4F417574683252656672657368546F6B656E3B4C000573636F706574000F4C6A6176612F7574696C2F5365743B4C0009746F6B656E547970657400124C6A6176612F6C616E672F537472696E673B4C000576616C756571007E000578707372001E6A6176612E7574696C2E436F6C6C656374696F6E7324456D7074794D6170593614855ADCE7D002000078707372000E6A6176612E7574696C2E44617465686A81014B597419030000787077080000015F72D95668787372004C6F72672E737072696E676672616D65776F726B2E73656375726974792E6F61757468322E636F6D6D6F6E2E44656661756C744578706972696E674F417574683252656672657368546F6B656E2FDF47639DD0C9B70200014C000A65787069726174696F6E71007E0002787200446F72672E737072696E676672616D65776F726B2E73656375726974792E6F61757468322E636F6D6D6F6E2E44656661756C744F417574683252656672657368546F6B656E73E10E0A6354D45E0200014C000576616C756571007E0005787074002436303362303763662D633735662D346335312D396131612D3366656437643039616434627371007E00097708000001600AC4F06878737200256A6176612E7574696C2E436F6C6C656374696F6E7324556E6D6F6469666961626C65536574801D92D18F9B80550200007872002C6A6176612E7574696C2E436F6C6C656374696F6E7324556E6D6F6469666961626C65436F6C6C656374696F6E19420080CB5EF71E0200014C0001637400164C6A6176612F7574696C2F436F6C6C656374696F6E3B7870737200176A6176612E7574696C2E4C696E6B656448617368536574D86CD75A95DD2A1E020000787200116A6176612E7574696C2E48617368536574BA44859596B8B7340300007870770C000000103F4000000000000374000472656164740005777269746574000574727573747874000662656172657274002463336664633138352D323763342D343333352D623161362D306663303336396534303230, 'e45b204730007e2d0b6d4ed06e37406e', '18802482337', 'tonr', 0xACED0005737200416F72672E737072696E676672616D65776F726B2E73656375726974792E6F61757468322E70726F76696465722E4F417574683241757468656E7469636174696F6EBD400B02166252130200024C000D73746F7265645265717565737474003C4C6F72672F737072696E676672616D65776F726B2F73656375726974792F6F61757468322F70726F76696465722F4F4175746832526571756573743B4C00127573657241757468656E7469636174696F6E7400324C6F72672F737072696E676672616D65776F726B2F73656375726974792F636F72652F41757468656E7469636174696F6E3B787200476F72672E737072696E676672616D65776F726B2E73656375726974792E61757468656E7469636174696F6E2E416273747261637441757468656E7469636174696F6E546F6B656ED3AA287E6E47640E0200035A000D61757468656E746963617465644C000B617574686F7269746965737400164C6A6176612F7574696C2F436F6C6C656374696F6E3B4C000764657461696C737400124C6A6176612F6C616E672F4F626A6563743B787000737200266A6176612E7574696C2E436F6C6C656374696F6E7324556E6D6F6469666961626C654C697374FC0F2531B5EC8E100200014C00046C6973747400104C6A6176612F7574696C2F4C6973743B7872002C6A6176612E7574696C2E436F6C6C656374696F6E7324556E6D6F6469666961626C65436F6C6C656374696F6E19420080CB5EF71E0200014C00016371007E00047870737200136A6176612E7574696C2E41727261794C6973747881D21D99C7619D03000149000473697A65787000000001770400000001737200426F72672E737072696E676672616D65776F726B2E73656375726974792E636F72652E617574686F726974792E53696D706C654772616E746564417574686F7269747900000000000001A40200014C0004726F6C657400124C6A6176612F6C616E672F537472696E673B78707400064D454D4245527871007E000C707372003A6F72672E737072696E676672616D65776F726B2E73656375726974792E6F61757468322E70726F76696465722E4F41757468325265717565737400000000000000010200075A0008617070726F7665644C000B617574686F72697469657371007E00044C000A657874656E73696F6E7374000F4C6A6176612F7574696C2F4D61703B4C000B726564697265637455726971007E000E4C00077265667265736874003B4C6F72672F737072696E676672616D65776F726B2F73656375726974792F6F61757468322F70726F76696465722F546F6B656E526571756573743B4C000B7265736F7572636549647374000F4C6A6176612F7574696C2F5365743B4C000D726573706F6E7365547970657371007E0014787200386F72672E737072696E676672616D65776F726B2E73656375726974792E6F61757468322E70726F76696465722E426173655265717565737436287A3EA37169BD0200034C0008636C69656E74496471007E000E4C001172657175657374506172616D657465727371007E00124C000573636F706571007E00147870740004746F6E72737200256A6176612E7574696C2E436F6C6C656374696F6E7324556E6D6F6469666961626C654D6170F1A5A8FE74F507420200014C00016D71007E00127870737200116A6176612E7574696C2E486173684D61700507DAC1C31660D103000246000A6C6F6164466163746F724900097468726573686F6C6478703F400000000000067708000000080000000374000A6772616E745F7479706574000870617373776F7264740009636C69656E745F6964740004746F6E72740008757365726E616D6574000B313838303234383233333778737200256A6176612E7574696C2E436F6C6C656374696F6E7324556E6D6F6469666961626C65536574801D92D18F9B80550200007871007E0009737200176A6176612E7574696C2E4C696E6B656448617368536574D86CD75A95DD2A1E020000787200116A6176612E7574696C2E48617368536574BA44859596B8B7340300007870770C000000103F40000000000003740004726561647400057772697465740005747275737478017371007E0025770C000000103F40000000000000787371007E001A3F40000000000000770800000010000000007870707371007E0025770C000000103F400000000000017400096672616D65776F726B787371007E0025770C000000103F40000000000000787372004F6F72672E737072696E676672616D65776F726B2E73656375726974792E61757468656E7469636174696F6E2E557365726E616D6550617373776F726441757468656E7469636174696F6E546F6B656E00000000000001A40200024C000B63726564656E7469616C7371007E00054C00097072696E636970616C71007E00057871007E0003017371007E00077371007E000B0000000177040000000171007E000F7871007E0032737200176A6176612E7574696C2E4C696E6B6564486173684D617034C04E5C106CC0FB0200015A000B6163636573734F726465727871007E001A3F400000000000067708000000080000000474000D636C69656E745F73656372657474000673656372657471007E001C71007E001D71007E001E71007E001F71007E002071007E0021780070737200326F72672E737072696E676672616D65776F726B2E73656375726974792E636F72652E7573657264657461696C732E5573657200000000000001A40200075A00116163636F756E744E6F6E457870697265645A00106163636F756E744E6F6E4C6F636B65645A001563726564656E7469616C734E6F6E457870697265645A0007656E61626C65644C000B617574686F72697469657371007E00144C000870617373776F726471007E000E4C0008757365726E616D6571007E000E7870010101017371007E0022737200116A6176612E7574696C2E54726565536574DD98509395ED875B0300007870737200466F72672E737072696E676672616D65776F726B2E73656375726974792E636F72652E7573657264657461696C732E5573657224417574686F72697479436F6D70617261746F7200000000000001A4020000787077040000000171007E000F787071007E0021, 'b235589a66d953d730a32ff8526a066b');

-- ----------------------------
-- Table structure for `oauth_approvals`
-- ----------------------------
DROP TABLE IF EXISTS `oauth_approvals`;
CREATE TABLE `oauth_approvals` (
  `userId` varchar(256) DEFAULT NULL,
  `clientId` varchar(256) DEFAULT NULL,
  `scope` varchar(256) DEFAULT NULL,
  `status` varchar(10) DEFAULT NULL,
  `expiresAt` timestamp NOT NULL DEFAULT CURRENT_TIMESTAMP ON UPDATE CURRENT_TIMESTAMP,
  `lastModifiedAt` timestamp NOT NULL DEFAULT '0000-00-00 00:00:00'
) ENGINE=InnoDB DEFAULT CHARSET=utf8mb4;

-- ----------------------------
-- Records of oauth_approvals
-- ----------------------------

-- ----------------------------
-- Table structure for `oauth_client_details`
-- ----------------------------
DROP TABLE IF EXISTS `oauth_client_details`;
CREATE TABLE `oauth_client_details` (
  `client_id` varchar(128) NOT NULL,
  `resource_ids` varchar(256) DEFAULT NULL,
  `client_secret` varchar(256) DEFAULT NULL,
  `scope` varchar(256) DEFAULT NULL,
  `authorized_grant_types` varchar(256) DEFAULT NULL,
  `web_server_redirect_uri` varchar(256) DEFAULT NULL,
  `authorities` varchar(256) DEFAULT NULL,
  `access_token_validity` int(11) DEFAULT NULL,
  `refresh_token_validity` int(11) DEFAULT NULL,
  `additional_information` varchar(4096) DEFAULT NULL,
  `autoapprove` varchar(256) DEFAULT NULL,
  `id` varchar(36) NOT NULL,
  `created_date` bigint(20) DEFAULT NULL,
  `logically_deleted` bit(1) DEFAULT NULL,
  `sort_number` int(11) DEFAULT NULL,
  `updated_date` bigint(20) DEFAULT NULL,
  `name` varchar(50) DEFAULT NULL,
  PRIMARY KEY (`client_id`),
  UNIQUE KEY `UK_3my6lp6ttga6hhwtsutscqset` (`client_id`)
) ENGINE=InnoDB DEFAULT CHARSET=utf8mb4;

-- ----------------------------
-- Records of oauth_client_details
-- ----------------------------
INSERT INTO `oauth_client_details` VALUES ('tonr', 'framework', 'secret', 'read,write,trust', 'password,refresh_token', '', '', null, null, null, '', '1', null, '', '0', '1507622214757', '会员管理系统');

-- ----------------------------
-- Table structure for `oauth_client_token`
-- ----------------------------
DROP TABLE IF EXISTS `oauth_client_token`;
CREATE TABLE `oauth_client_token` (
  `token_id` varchar(256) DEFAULT NULL,
  `token` blob,
  `authentication_id` varchar(128) NOT NULL,
  `user_name` varchar(256) DEFAULT NULL,
  `client_id` varchar(256) DEFAULT NULL,
  PRIMARY KEY (`authentication_id`)
) ENGINE=InnoDB DEFAULT CHARSET=utf8mb4;

-- ----------------------------
-- Records of oauth_client_token
-- ----------------------------

-- ----------------------------
-- Table structure for `oauth_code`
-- ----------------------------
DROP TABLE IF EXISTS `oauth_code`;
CREATE TABLE `oauth_code` (
  `code` varchar(256) DEFAULT NULL,
  `authentication` blob
) ENGINE=InnoDB DEFAULT CHARSET=utf8mb4;

-- ----------------------------
-- Records of oauth_code
-- ----------------------------

-- ----------------------------
-- Table structure for `oauth_refresh_token`
-- ----------------------------
DROP TABLE IF EXISTS `oauth_refresh_token`;
CREATE TABLE `oauth_refresh_token` (
  `token_id` varchar(256) DEFAULT NULL,
  `token` blob,
  `authentication` blob
) ENGINE=InnoDB DEFAULT CHARSET=utf8mb4;

-- ----------------------------
-- Records of oauth_refresh_token
-- ----------------------------
INSERT INTO `oauth_refresh_token` VALUES ('533a6b4dedf107ca1079fb67999fad29', 0xACED00057372004C6F72672E737072696E676672616D65776F726B2E73656375726974792E6F61757468322E636F6D6D6F6E2E44656661756C744578706972696E674F417574683252656672657368546F6B656E2FDF47639DD0C9B70200014C000A65787069726174696F6E7400104C6A6176612F7574696C2F446174653B787200446F72672E737072696E676672616D65776F726B2E73656375726974792E6F61757468322E636F6D6D6F6E2E44656661756C744F417574683252656672657368546F6B656E73E10E0A6354D45E0200014C000576616C75657400124C6A6176612F6C616E672F537472696E673B787074002461636438623030612D623431632D343361312D393334392D6531623262633434653232347372000E6A6176612E7574696C2E44617465686A81014B597419030000787077080000015F9BB2B65C78, 0xACED0005737200416F72672E737072696E676672616D65776F726B2E73656375726974792E6F61757468322E70726F76696465722E4F417574683241757468656E7469636174696F6EBD400B02166252130200024C000D73746F7265645265717565737474003C4C6F72672F737072696E676672616D65776F726B2F73656375726974792F6F61757468322F70726F76696465722F4F4175746832526571756573743B4C00127573657241757468656E7469636174696F6E7400324C6F72672F737072696E676672616D65776F726B2F73656375726974792F636F72652F41757468656E7469636174696F6E3B787200476F72672E737072696E676672616D65776F726B2E73656375726974792E61757468656E7469636174696F6E2E416273747261637441757468656E7469636174696F6E546F6B656ED3AA287E6E47640E0200035A000D61757468656E746963617465644C000B617574686F7269746965737400164C6A6176612F7574696C2F436F6C6C656374696F6E3B4C000764657461696C737400124C6A6176612F6C616E672F4F626A6563743B787000737200266A6176612E7574696C2E436F6C6C656374696F6E7324556E6D6F6469666961626C654C697374FC0F2531B5EC8E100200014C00046C6973747400104C6A6176612F7574696C2F4C6973743B7872002C6A6176612E7574696C2E436F6C6C656374696F6E7324556E6D6F6469666961626C65436F6C6C656374696F6E19420080CB5EF71E0200014C00016371007E00047870737200136A6176612E7574696C2E41727261794C6973747881D21D99C7619D03000149000473697A65787000000001770400000001737200426F72672E737072696E676672616D65776F726B2E73656375726974792E636F72652E617574686F726974792E53696D706C654772616E746564417574686F7269747900000000000001A40200014C0004726F6C657400124C6A6176612F6C616E672F537472696E673B787074000541444D494E7871007E000C707372003A6F72672E737072696E676672616D65776F726B2E73656375726974792E6F61757468322E70726F76696465722E4F41757468325265717565737400000000000000010200075A0008617070726F7665644C000B617574686F72697469657371007E00044C000A657874656E73696F6E7374000F4C6A6176612F7574696C2F4D61703B4C000B726564697265637455726971007E000E4C00077265667265736874003B4C6F72672F737072696E676672616D65776F726B2F73656375726974792F6F61757468322F70726F76696465722F546F6B656E526571756573743B4C000B7265736F7572636549647374000F4C6A6176612F7574696C2F5365743B4C000D726573706F6E7365547970657371007E0014787200386F72672E737072696E676672616D65776F726B2E73656375726974792E6F61757468322E70726F76696465722E426173655265717565737436287A3EA37169BD0200034C0008636C69656E74496471007E000E4C001172657175657374506172616D657465727371007E00124C000573636F706571007E00147870740004746F6E72737200256A6176612E7574696C2E436F6C6C656374696F6E7324556E6D6F6469666961626C654D6170F1A5A8FE74F507420200014C00016D71007E00127870737200116A6176612E7574696C2E486173684D61700507DAC1C31660D103000246000A6C6F6164466163746F724900097468726573686F6C6478703F400000000000067708000000080000000374000A6772616E745F7479706574000870617373776F7264740009636C69656E745F6964740004746F6E72740008757365726E616D6574000561646D696E78737200256A6176612E7574696C2E436F6C6C656374696F6E7324556E6D6F6469666961626C65536574801D92D18F9B80550200007871007E0009737200176A6176612E7574696C2E4C696E6B656448617368536574D86CD75A95DD2A1E020000787200116A6176612E7574696C2E48617368536574BA44859596B8B7340300007870770C000000103F40000000000003740004726561647400057772697465740005747275737478017371007E0025770C000000103F40000000000000787371007E001A3F40000000000000770800000010000000007870707371007E0025770C000000103F400000000000017400096672616D65776F726B787371007E0025770C000000103F40000000000000787372004F6F72672E737072696E676672616D65776F726B2E73656375726974792E61757468656E7469636174696F6E2E557365726E616D6550617373776F726441757468656E7469636174696F6E546F6B656E00000000000001A40200024C000B63726564656E7469616C7371007E00054C00097072696E636970616C71007E00057871007E0003017371007E00077371007E000B0000000177040000000171007E000F7871007E0032737200176A6176612E7574696C2E4C696E6B6564486173684D617034C04E5C106CC0FB0200015A000B6163636573734F726465727871007E001A3F400000000000067708000000080000000474000D636C69656E745F73656372657474000673656372657471007E001C71007E001D71007E001E71007E001F71007E002071007E0021780070737200326F72672E737072696E676672616D65776F726B2E73656375726974792E636F72652E7573657264657461696C732E5573657200000000000001A40200075A00116163636F756E744E6F6E457870697265645A00106163636F756E744E6F6E4C6F636B65645A001563726564656E7469616C734E6F6E457870697265645A0007656E61626C65644C000B617574686F72697469657371007E00144C000870617373776F726471007E000E4C0008757365726E616D6571007E000E7870010101017371007E0022737200116A6176612E7574696C2E54726565536574DD98509395ED875B0300007870737200466F72672E737072696E676672616D65776F726B2E73656375726974792E636F72652E7573657264657461696C732E5573657224417574686F72697479436F6D70617261746F7200000000000001A4020000787077040000000171007E000F787071007E0021);
INSERT INTO `oauth_refresh_token` VALUES ('b235589a66d953d730a32ff8526a066b', 0xACED00057372004C6F72672E737072696E676672616D65776F726B2E73656375726974792E6F61757468322E636F6D6D6F6E2E44656661756C744578706972696E674F417574683252656672657368546F6B656E2FDF47639DD0C9B70200014C000A65787069726174696F6E7400104C6A6176612F7574696C2F446174653B787200446F72672E737072696E676672616D65776F726B2E73656375726974792E6F61757468322E636F6D6D6F6E2E44656661756C744F417574683252656672657368546F6B656E73E10E0A6354D45E0200014C000576616C75657400124C6A6176612F6C616E672F537472696E673B787074002436303362303763662D633735662D346335312D396131612D3366656437643039616434627372000E6A6176612E7574696C2E44617465686A81014B59741903000078707708000001600AC4F06878, 0xACED0005737200416F72672E737072696E676672616D65776F726B2E73656375726974792E6F61757468322E70726F76696465722E4F417574683241757468656E7469636174696F6EBD400B02166252130200024C000D73746F7265645265717565737474003C4C6F72672F737072696E676672616D65776F726B2F73656375726974792F6F61757468322F70726F76696465722F4F4175746832526571756573743B4C00127573657241757468656E7469636174696F6E7400324C6F72672F737072696E676672616D65776F726B2F73656375726974792F636F72652F41757468656E7469636174696F6E3B787200476F72672E737072696E676672616D65776F726B2E73656375726974792E61757468656E7469636174696F6E2E416273747261637441757468656E7469636174696F6E546F6B656ED3AA287E6E47640E0200035A000D61757468656E746963617465644C000B617574686F7269746965737400164C6A6176612F7574696C2F436F6C6C656374696F6E3B4C000764657461696C737400124C6A6176612F6C616E672F4F626A6563743B787000737200266A6176612E7574696C2E436F6C6C656374696F6E7324556E6D6F6469666961626C654C697374FC0F2531B5EC8E100200014C00046C6973747400104C6A6176612F7574696C2F4C6973743B7872002C6A6176612E7574696C2E436F6C6C656374696F6E7324556E6D6F6469666961626C65436F6C6C656374696F6E19420080CB5EF71E0200014C00016371007E00047870737200136A6176612E7574696C2E41727261794C6973747881D21D99C7619D03000149000473697A65787000000001770400000001737200426F72672E737072696E676672616D65776F726B2E73656375726974792E636F72652E617574686F726974792E53696D706C654772616E746564417574686F7269747900000000000001A40200014C0004726F6C657400124C6A6176612F6C616E672F537472696E673B78707400064D454D4245527871007E000C707372003A6F72672E737072696E676672616D65776F726B2E73656375726974792E6F61757468322E70726F76696465722E4F41757468325265717565737400000000000000010200075A0008617070726F7665644C000B617574686F72697469657371007E00044C000A657874656E73696F6E7374000F4C6A6176612F7574696C2F4D61703B4C000B726564697265637455726971007E000E4C00077265667265736874003B4C6F72672F737072696E676672616D65776F726B2F73656375726974792F6F61757468322F70726F76696465722F546F6B656E526571756573743B4C000B7265736F7572636549647374000F4C6A6176612F7574696C2F5365743B4C000D726573706F6E7365547970657371007E0014787200386F72672E737072696E676672616D65776F726B2E73656375726974792E6F61757468322E70726F76696465722E426173655265717565737436287A3EA37169BD0200034C0008636C69656E74496471007E000E4C001172657175657374506172616D657465727371007E00124C000573636F706571007E00147870740004746F6E72737200256A6176612E7574696C2E436F6C6C656374696F6E7324556E6D6F6469666961626C654D6170F1A5A8FE74F507420200014C00016D71007E00127870737200116A6176612E7574696C2E486173684D61700507DAC1C31660D103000246000A6C6F6164466163746F724900097468726573686F6C6478703F400000000000067708000000080000000374000A6772616E745F7479706574000870617373776F7264740009636C69656E745F6964740004746F6E72740008757365726E616D6574000B313838303234383233333778737200256A6176612E7574696C2E436F6C6C656374696F6E7324556E6D6F6469666961626C65536574801D92D18F9B80550200007871007E0009737200176A6176612E7574696C2E4C696E6B656448617368536574D86CD75A95DD2A1E020000787200116A6176612E7574696C2E48617368536574BA44859596B8B7340300007870770C000000103F40000000000003740004726561647400057772697465740005747275737478017371007E0025770C000000103F40000000000000787371007E001A3F40000000000000770800000010000000007870707371007E0025770C000000103F400000000000017400096672616D65776F726B787371007E0025770C000000103F40000000000000787372004F6F72672E737072696E676672616D65776F726B2E73656375726974792E61757468656E7469636174696F6E2E557365726E616D6550617373776F726441757468656E7469636174696F6E546F6B656E00000000000001A40200024C000B63726564656E7469616C7371007E00054C00097072696E636970616C71007E00057871007E0003017371007E00077371007E000B0000000177040000000171007E000F7871007E0032737200176A6176612E7574696C2E4C696E6B6564486173684D617034C04E5C106CC0FB0200015A000B6163636573734F726465727871007E001A3F400000000000067708000000080000000474000D636C69656E745F73656372657474000673656372657471007E001C71007E001D71007E001E71007E001F71007E002071007E0021780070737200326F72672E737072696E676672616D65776F726B2E73656375726974792E636F72652E7573657264657461696C732E5573657200000000000001A40200075A00116163636F756E744E6F6E457870697265645A00106163636F756E744E6F6E4C6F636B65645A001563726564656E7469616C734E6F6E457870697265645A0007656E61626C65644C000B617574686F72697469657371007E00144C000870617373776F726471007E000E4C0008757365726E616D6571007E000E7870010101017371007E0022737200116A6176612E7574696C2E54726565536574DD98509395ED875B0300007870737200466F72672E737072696E676672616D65776F726B2E73656375726974792E636F72652E7573657264657461696C732E5573657224417574686F72697479436F6D70617261746F7200000000000001A4020000787077040000000171007E000F787071007E0021);
INSERT INTO `oauth_refresh_token` VALUES ('f05931292f28c22df52eae79c3a6939c', 0xACED00057372004C6F72672E737072696E676672616D65776F726B2E73656375726974792E6F61757468322E636F6D6D6F6E2E44656661756C744578706972696E674F417574683252656672657368546F6B656E2FDF47639DD0C9B70200014C000A65787069726174696F6E7400104C6A6176612F7574696C2F446174653B787200446F72672E737072696E676672616D65776F726B2E73656375726974792E6F61757468322E636F6D6D6F6E2E44656661756C744F417574683252656672657368546F6B656E73E10E0A6354D45E0200014C000576616C75657400124C6A6176612F6C616E672F537472696E673B787074002462363162323236372D366662362D343163332D616530392D6464306465626331643264387372000E6A6176612E7574696C2E44617465686A81014B597419030000787077080000016072C48BAD78, 0xACED0005737200416F72672E737072696E676672616D65776F726B2E73656375726974792E6F61757468322E70726F76696465722E4F417574683241757468656E7469636174696F6EBD400B02166252130200024C000D73746F7265645265717565737474003C4C6F72672F737072696E676672616D65776F726B2F73656375726974792F6F61757468322F70726F76696465722F4F4175746832526571756573743B4C00127573657241757468656E7469636174696F6E7400324C6F72672F737072696E676672616D65776F726B2F73656375726974792F636F72652F41757468656E7469636174696F6E3B787200476F72672E737072696E676672616D65776F726B2E73656375726974792E61757468656E7469636174696F6E2E416273747261637441757468656E7469636174696F6E546F6B656ED3AA287E6E47640E0200035A000D61757468656E746963617465644C000B617574686F7269746965737400164C6A6176612F7574696C2F436F6C6C656374696F6E3B4C000764657461696C737400124C6A6176612F6C616E672F4F626A6563743B787000737200266A6176612E7574696C2E436F6C6C656374696F6E7324556E6D6F6469666961626C654C697374FC0F2531B5EC8E100200014C00046C6973747400104C6A6176612F7574696C2F4C6973743B7872002C6A6176612E7574696C2E436F6C6C656374696F6E7324556E6D6F6469666961626C65436F6C6C656374696F6E19420080CB5EF71E0200014C00016371007E00047870737200136A6176612E7574696C2E41727261794C6973747881D21D99C7619D03000149000473697A65787000000001770400000001737200426F72672E737072696E676672616D65776F726B2E73656375726974792E636F72652E617574686F726974792E53696D706C654772616E746564417574686F7269747900000000000001A40200014C0004726F6C657400124C6A6176612F6C616E672F537472696E673B78707400064D454D4245527871007E000C707372003A6F72672E737072696E676672616D65776F726B2E73656375726974792E6F61757468322E70726F76696465722E4F41757468325265717565737400000000000000010200075A0008617070726F7665644C000B617574686F72697469657371007E00044C000A657874656E73696F6E7374000F4C6A6176612F7574696C2F4D61703B4C000B726564697265637455726971007E000E4C00077265667265736874003B4C6F72672F737072696E676672616D65776F726B2F73656375726974792F6F61757468322F70726F76696465722F546F6B656E526571756573743B4C000B7265736F7572636549647374000F4C6A6176612F7574696C2F5365743B4C000D726573706F6E7365547970657371007E0014787200386F72672E737072696E676672616D65776F726B2E73656375726974792E6F61757468322E70726F76696465722E426173655265717565737436287A3EA37169BD0200034C0008636C69656E74496471007E000E4C001172657175657374506172616D657465727371007E00124C000573636F706571007E00147870740004746F6E72737200256A6176612E7574696C2E436F6C6C656374696F6E7324556E6D6F6469666961626C654D6170F1A5A8FE74F507420200014C00016D71007E00127870737200116A6176612E7574696C2E486173684D61700507DAC1C31660D103000246000A6C6F6164466163746F724900097468726573686F6C6478703F400000000000067708000000080000000374000A6772616E745F7479706574000870617373776F7264740009636C69656E745F6964740004746F6E72740008757365726E616D6574000B313836343030313932323078737200256A6176612E7574696C2E436F6C6C656374696F6E7324556E6D6F6469666961626C65536574801D92D18F9B80550200007871007E0009737200176A6176612E7574696C2E4C696E6B656448617368536574D86CD75A95DD2A1E020000787200116A6176612E7574696C2E48617368536574BA44859596B8B7340300007870770C000000103F40000000000003740004726561647400057772697465740005747275737478017371007E0025770C000000103F40000000000000787371007E001A3F40000000000000770800000010000000007870707371007E0025770C000000103F400000000000017400096672616D65776F726B787371007E0025770C000000103F40000000000000787372004F6F72672E737072696E676672616D65776F726B2E73656375726974792E61757468656E7469636174696F6E2E557365726E616D6550617373776F726441757468656E7469636174696F6E546F6B656E00000000000001A40200024C000B63726564656E7469616C7371007E00054C00097072696E636970616C71007E00057871007E0003017371007E00077371007E000B0000000177040000000171007E000F7871007E0032737200176A6176612E7574696C2E4C696E6B6564486173684D617034C04E5C106CC0FB0200015A000B6163636573734F726465727871007E001A3F400000000000067708000000080000000474000D636C69656E745F73656372657474000673656372657471007E001C71007E001D71007E001E71007E001F71007E002071007E0021780070737200326F72672E737072696E676672616D65776F726B2E73656375726974792E636F72652E7573657264657461696C732E5573657200000000000001A40200075A00116163636F756E744E6F6E457870697265645A00106163636F756E744E6F6E4C6F636B65645A001563726564656E7469616C734E6F6E457870697265645A0007656E61626C65644C000B617574686F72697469657371007E00144C000870617373776F726471007E000E4C0008757365726E616D6571007E000E7870010101017371007E0022737200116A6176612E7574696C2E54726565536574DD98509395ED875B0300007870737200466F72672E737072696E676672616D65776F726B2E73656375726974792E636F72652E7573657264657461696C732E5573657224417574686F72697479436F6D70617261746F7200000000000001A4020000787077040000000171007E000F787071007E0021);
INSERT INTO `oauth_refresh_token` VALUES ('0d5eb147b0be51c438f110dcaf78859d', 0xACED00057372004C6F72672E737072696E676672616D65776F726B2E73656375726974792E6F61757468322E636F6D6D6F6E2E44656661756C744578706972696E674F417574683252656672657368546F6B656E2FDF47639DD0C9B70200014C000A65787069726174696F6E7400104C6A6176612F7574696C2F446174653B787200446F72672E737072696E676672616D65776F726B2E73656375726974792E6F61757468322E636F6D6D6F6E2E44656661756C744F417574683252656672657368546F6B656E73E10E0A6354D45E0200014C000576616C75657400124C6A6176612F6C616E672F537472696E673B787074002438356362393235652D613232342D343865322D383165642D6164323039326439316338657372000E6A6176612E7574696C2E44617465686A81014B597419030000787077080000016073D700AF78, 0xACED0005737200416F72672E737072696E676672616D65776F726B2E73656375726974792E6F61757468322E70726F76696465722E4F417574683241757468656E7469636174696F6EBD400B02166252130200024C000D73746F7265645265717565737474003C4C6F72672F737072696E676672616D65776F726B2F73656375726974792F6F61757468322F70726F76696465722F4F4175746832526571756573743B4C00127573657241757468656E7469636174696F6E7400324C6F72672F737072696E676672616D65776F726B2F73656375726974792F636F72652F41757468656E7469636174696F6E3B787200476F72672E737072696E676672616D65776F726B2E73656375726974792E61757468656E7469636174696F6E2E416273747261637441757468656E7469636174696F6E546F6B656ED3AA287E6E47640E0200035A000D61757468656E746963617465644C000B617574686F7269746965737400164C6A6176612F7574696C2F436F6C6C656374696F6E3B4C000764657461696C737400124C6A6176612F6C616E672F4F626A6563743B787000737200266A6176612E7574696C2E436F6C6C656374696F6E7324556E6D6F6469666961626C654C697374FC0F2531B5EC8E100200014C00046C6973747400104C6A6176612F7574696C2F4C6973743B7872002C6A6176612E7574696C2E436F6C6C656374696F6E7324556E6D6F6469666961626C65436F6C6C656374696F6E19420080CB5EF71E0200014C00016371007E00047870737200136A6176612E7574696C2E41727261794C6973747881D21D99C7619D03000149000473697A65787000000001770400000001737200426F72672E737072696E676672616D65776F726B2E73656375726974792E636F72652E617574686F726974792E53696D706C654772616E746564417574686F7269747900000000000001A40200014C0004726F6C657400124C6A6176612F6C616E672F537472696E673B78707400064D454D4245527871007E000C707372003A6F72672E737072696E676672616D65776F726B2E73656375726974792E6F61757468322E70726F76696465722E4F41757468325265717565737400000000000000010200075A0008617070726F7665644C000B617574686F72697469657371007E00044C000A657874656E73696F6E7374000F4C6A6176612F7574696C2F4D61703B4C000B726564697265637455726971007E000E4C00077265667265736874003B4C6F72672F737072696E676672616D65776F726B2F73656375726974792F6F61757468322F70726F76696465722F546F6B656E526571756573743B4C000B7265736F7572636549647374000F4C6A6176612F7574696C2F5365743B4C000D726573706F6E7365547970657371007E0014787200386F72672E737072696E676672616D65776F726B2E73656375726974792E6F61757468322E70726F76696465722E426173655265717565737436287A3EA37169BD0200034C0008636C69656E74496471007E000E4C001172657175657374506172616D657465727371007E00124C000573636F706571007E00147870740004746F6E72737200256A6176612E7574696C2E436F6C6C656374696F6E7324556E6D6F6469666961626C654D6170F1A5A8FE74F507420200014C00016D71007E00127870737200116A6176612E7574696C2E486173684D61700507DAC1C31660D103000246000A6C6F6164466163746F724900097468726573686F6C6478703F400000000000067708000000080000000374000A6772616E745F7479706574000870617373776F7264740009636C69656E745F6964740004746F6E72740008757365726E616D6574000B313836343030363835393078737200256A6176612E7574696C2E436F6C6C656374696F6E7324556E6D6F6469666961626C65536574801D92D18F9B80550200007871007E0009737200176A6176612E7574696C2E4C696E6B656448617368536574D86CD75A95DD2A1E020000787200116A6176612E7574696C2E48617368536574BA44859596B8B7340300007870770C000000103F40000000000003740004726561647400057772697465740005747275737478017371007E0025770C000000103F40000000000000787371007E001A3F40000000000000770800000010000000007870707371007E0025770C000000103F400000000000017400096672616D65776F726B787371007E0025770C000000103F40000000000000787372004F6F72672E737072696E676672616D65776F726B2E73656375726974792E61757468656E7469636174696F6E2E557365726E616D6550617373776F726441757468656E7469636174696F6E546F6B656E00000000000001A40200024C000B63726564656E7469616C7371007E00054C00097072696E636970616C71007E00057871007E0003017371007E00077371007E000B0000000177040000000171007E000F7871007E0032737200176A6176612E7574696C2E4C696E6B6564486173684D617034C04E5C106CC0FB0200015A000B6163636573734F726465727871007E001A3F400000000000067708000000080000000474000D636C69656E745F73656372657474000673656372657471007E001C71007E001D71007E001E71007E001F71007E002071007E0021780070737200326F72672E737072696E676672616D65776F726B2E73656375726974792E636F72652E7573657264657461696C732E5573657200000000000001A40200075A00116163636F756E744E6F6E457870697265645A00106163636F756E744E6F6E4C6F636B65645A001563726564656E7469616C734E6F6E457870697265645A0007656E61626C65644C000B617574686F72697469657371007E00144C000870617373776F726471007E000E4C0008757365726E616D6571007E000E7870010101017371007E0022737200116A6176612E7574696C2E54726565536574DD98509395ED875B0300007870737200466F72672E737072696E676672616D65776F726B2E73656375726974792E636F72652E7573657264657461696C732E5573657224417574686F72697479436F6D70617261746F7200000000000001A4020000787077040000000171007E000F787071007E0021);
INSERT INTO `oauth_refresh_token` VALUES ('ca8829c3e04c1d3c1397161eea0c308c', 0xACED00057372004C6F72672E737072696E676672616D65776F726B2E73656375726974792E6F61757468322E636F6D6D6F6E2E44656661756C744578706972696E674F417574683252656672657368546F6B656E2FDF47639DD0C9B70200014C000A65787069726174696F6E7400104C6A6176612F7574696C2F446174653B787200446F72672E737072696E676672616D65776F726B2E73656375726974792E6F61757468322E636F6D6D6F6E2E44656661756C744F417574683252656672657368546F6B656E73E10E0A6354D45E0200014C000576616C75657400124C6A6176612F6C616E672F537472696E673B787074002430343732373637332D313833632D343938662D393238302D3462366233643237323561367372000E6A6176612E7574696C2E44617465686A81014B59741903000078707708000001609BFE268278, 0xACED0005737200416F72672E737072696E676672616D65776F726B2E73656375726974792E6F61757468322E70726F76696465722E4F417574683241757468656E7469636174696F6EBD400B02166252130200024C000D73746F7265645265717565737474003C4C6F72672F737072696E676672616D65776F726B2F73656375726974792F6F61757468322F70726F76696465722F4F4175746832526571756573743B4C00127573657241757468656E7469636174696F6E7400324C6F72672F737072696E676672616D65776F726B2F73656375726974792F636F72652F41757468656E7469636174696F6E3B787200476F72672E737072696E676672616D65776F726B2E73656375726974792E61757468656E7469636174696F6E2E416273747261637441757468656E7469636174696F6E546F6B656ED3AA287E6E47640E0200035A000D61757468656E746963617465644C000B617574686F7269746965737400164C6A6176612F7574696C2F436F6C6C656374696F6E3B4C000764657461696C737400124C6A6176612F6C616E672F4F626A6563743B787000737200266A6176612E7574696C2E436F6C6C656374696F6E7324556E6D6F6469666961626C654C697374FC0F2531B5EC8E100200014C00046C6973747400104C6A6176612F7574696C2F4C6973743B7872002C6A6176612E7574696C2E436F6C6C656374696F6E7324556E6D6F6469666961626C65436F6C6C656374696F6E19420080CB5EF71E0200014C00016371007E00047870737200136A6176612E7574696C2E41727261794C6973747881D21D99C7619D03000149000473697A65787000000001770400000001737200426F72672E737072696E676672616D65776F726B2E73656375726974792E636F72652E617574686F726974792E53696D706C654772616E746564417574686F7269747900000000000001A40200014C0004726F6C657400124C6A6176612F6C616E672F537472696E673B78707400064D454D4245527871007E000C707372003A6F72672E737072696E676672616D65776F726B2E73656375726974792E6F61757468322E70726F76696465722E4F41757468325265717565737400000000000000010200075A0008617070726F7665644C000B617574686F72697469657371007E00044C000A657874656E73696F6E7374000F4C6A6176612F7574696C2F4D61703B4C000B726564697265637455726971007E000E4C00077265667265736874003B4C6F72672F737072696E676672616D65776F726B2F73656375726974792F6F61757468322F70726F76696465722F546F6B656E526571756573743B4C000B7265736F7572636549647374000F4C6A6176612F7574696C2F5365743B4C000D726573706F6E7365547970657371007E0014787200386F72672E737072696E676672616D65776F726B2E73656375726974792E6F61757468322E70726F76696465722E426173655265717565737436287A3EA37169BD0200034C0008636C69656E74496471007E000E4C001172657175657374506172616D657465727371007E00124C000573636F706571007E00147870740004746F6E72737200256A6176612E7574696C2E436F6C6C656374696F6E7324556E6D6F6469666961626C654D6170F1A5A8FE74F507420200014C00016D71007E00127870737200116A6176612E7574696C2E486173684D61700507DAC1C31660D103000246000A6C6F6164466163746F724900097468726573686F6C6478703F400000000000067708000000080000000374000A6772616E745F7479706574000870617373776F7264740009636C69656E745F6964740004746F6E72740008757365726E616D6574000B313335353537373036383478737200256A6176612E7574696C2E436F6C6C656374696F6E7324556E6D6F6469666961626C65536574801D92D18F9B80550200007871007E0009737200176A6176612E7574696C2E4C696E6B656448617368536574D86CD75A95DD2A1E020000787200116A6176612E7574696C2E48617368536574BA44859596B8B7340300007870770C000000103F40000000000003740004726561647400057772697465740005747275737478017371007E0025770C000000103F40000000000000787371007E001A3F40000000000000770800000010000000007870707371007E0025770C000000103F400000000000017400096672616D65776F726B787371007E0025770C000000103F40000000000000787372004F6F72672E737072696E676672616D65776F726B2E73656375726974792E61757468656E7469636174696F6E2E557365726E616D6550617373776F726441757468656E7469636174696F6E546F6B656E00000000000001A40200024C000B63726564656E7469616C7371007E00054C00097072696E636970616C71007E00057871007E0003017371007E00077371007E000B0000000177040000000171007E000F7871007E0032737200176A6176612E7574696C2E4C696E6B6564486173684D617034C04E5C106CC0FB0200015A000B6163636573734F726465727871007E001A3F400000000000067708000000080000000474000D636C69656E745F73656372657474000673656372657471007E001C71007E001D71007E001E71007E001F71007E002071007E0021780070737200326F72672E737072696E676672616D65776F726B2E73656375726974792E636F72652E7573657264657461696C732E5573657200000000000001A40200075A00116163636F756E744E6F6E457870697265645A00106163636F756E744E6F6E4C6F636B65645A001563726564656E7469616C734E6F6E457870697265645A0007656E61626C65644C000B617574686F72697469657371007E00144C000870617373776F726471007E000E4C0008757365726E616D6571007E000E7870010101017371007E0022737200116A6176612E7574696C2E54726565536574DD98509395ED875B0300007870737200466F72672E737072696E676672616D65776F726B2E73656375726974792E636F72652E7573657264657461696C732E5573657224417574686F72697479436F6D70617261746F7200000000000001A4020000787077040000000171007E000F787071007E0021);
INSERT INTO `oauth_refresh_token` VALUES ('75de2c0c6738a1604e76a19866b33293', 0xACED00057372004C6F72672E737072696E676672616D65776F726B2E73656375726974792E6F61757468322E636F6D6D6F6E2E44656661756C744578706972696E674F417574683252656672657368546F6B656E2FDF47639DD0C9B70200014C000A65787069726174696F6E7400104C6A6176612F7574696C2F446174653B787200446F72672E737072696E676672616D65776F726B2E73656375726974792E6F61757468322E636F6D6D6F6E2E44656661756C744F417574683252656672657368546F6B656E73E10E0A6354D45E0200014C000576616C75657400124C6A6176612F6C616E672F537472696E673B787074002464333962366632352D663264382D343238322D393635362D3530666137323835323534617372000E6A6176612E7574696C2E44617465686A81014B59741903000078707708000001609C553A0C78, 0xACED0005737200416F72672E737072696E676672616D65776F726B2E73656375726974792E6F61757468322E70726F76696465722E4F417574683241757468656E7469636174696F6EBD400B02166252130200024C000D73746F7265645265717565737474003C4C6F72672F737072696E676672616D65776F726B2F73656375726974792F6F61757468322F70726F76696465722F4F4175746832526571756573743B4C00127573657241757468656E7469636174696F6E7400324C6F72672F737072696E676672616D65776F726B2F73656375726974792F636F72652F41757468656E7469636174696F6E3B787200476F72672E737072696E676672616D65776F726B2E73656375726974792E61757468656E7469636174696F6E2E416273747261637441757468656E7469636174696F6E546F6B656ED3AA287E6E47640E0200035A000D61757468656E746963617465644C000B617574686F7269746965737400164C6A6176612F7574696C2F436F6C6C656374696F6E3B4C000764657461696C737400124C6A6176612F6C616E672F4F626A6563743B787000737200266A6176612E7574696C2E436F6C6C656374696F6E7324556E6D6F6469666961626C654C697374FC0F2531B5EC8E100200014C00046C6973747400104C6A6176612F7574696C2F4C6973743B7872002C6A6176612E7574696C2E436F6C6C656374696F6E7324556E6D6F6469666961626C65436F6C6C656374696F6E19420080CB5EF71E0200014C00016371007E00047870737200136A6176612E7574696C2E41727261794C6973747881D21D99C7619D03000149000473697A65787000000001770400000001737200426F72672E737072696E676672616D65776F726B2E73656375726974792E636F72652E617574686F726974792E53696D706C654772616E746564417574686F7269747900000000000001A40200014C0004726F6C657400124C6A6176612F6C616E672F537472696E673B787074000541444D494E7871007E000C707372003A6F72672E737072696E676672616D65776F726B2E73656375726974792E6F61757468322E70726F76696465722E4F41757468325265717565737400000000000000010200075A0008617070726F7665644C000B617574686F72697469657371007E00044C000A657874656E73696F6E7374000F4C6A6176612F7574696C2F4D61703B4C000B726564697265637455726971007E000E4C00077265667265736874003B4C6F72672F737072696E676672616D65776F726B2F73656375726974792F6F61757468322F70726F76696465722F546F6B656E526571756573743B4C000B7265736F7572636549647374000F4C6A6176612F7574696C2F5365743B4C000D726573706F6E7365547970657371007E0014787200386F72672E737072696E676672616D65776F726B2E73656375726974792E6F61757468322E70726F76696465722E426173655265717565737436287A3EA37169BD0200034C0008636C69656E74496471007E000E4C001172657175657374506172616D657465727371007E00124C000573636F706571007E00147870740004746F6E72737200256A6176612E7574696C2E436F6C6C656374696F6E7324556E6D6F6469666961626C654D6170F1A5A8FE74F507420200014C00016D71007E00127870737200116A6176612E7574696C2E486173684D61700507DAC1C31660D103000246000A6C6F6164466163746F724900097468726573686F6C6478703F400000000000067708000000080000000374000A6772616E745F7479706574000870617373776F7264740009636C69656E745F6964740004746F6E72740008757365726E616D6574000561646D696E78737200256A6176612E7574696C2E436F6C6C656374696F6E7324556E6D6F6469666961626C65536574801D92D18F9B80550200007871007E0009737200176A6176612E7574696C2E4C696E6B656448617368536574D86CD75A95DD2A1E020000787200116A6176612E7574696C2E48617368536574BA44859596B8B7340300007870770C000000103F40000000000003740004726561647400057772697465740005747275737478017371007E0025770C000000103F40000000000000787371007E001A3F40000000000000770800000010000000007870707371007E0025770C000000103F400000000000017400096672616D65776F726B787371007E0025770C000000103F40000000000000787372004F6F72672E737072696E676672616D65776F726B2E73656375726974792E61757468656E7469636174696F6E2E557365726E616D6550617373776F726441757468656E7469636174696F6E546F6B656E00000000000001A40200024C000B63726564656E7469616C7371007E00054C00097072696E636970616C71007E00057871007E0003017371007E00077371007E000B0000000177040000000171007E000F7871007E0032737200176A6176612E7574696C2E4C696E6B6564486173684D617034C04E5C106CC0FB0200015A000B6163636573734F726465727871007E001A3F400000000000067708000000080000000474000D636C69656E745F73656372657474000673656372657471007E001C71007E001D71007E001E71007E001F71007E002071007E0021780070737200326F72672E737072696E676672616D65776F726B2E73656375726974792E636F72652E7573657264657461696C732E5573657200000000000001A40200075A00116163636F756E744E6F6E457870697265645A00106163636F756E744E6F6E4C6F636B65645A001563726564656E7469616C734E6F6E457870697265645A0007656E61626C65644C000B617574686F72697469657371007E00144C000870617373776F726471007E000E4C0008757365726E616D6571007E000E7870010101017371007E0022737200116A6176612E7574696C2E54726565536574DD98509395ED875B0300007870737200466F72672E737072696E676672616D65776F726B2E73656375726974792E636F72652E7573657264657461696C732E5573657224417574686F72697479436F6D70617261746F7200000000000001A4020000787077040000000171007E000F787071007E0021);

-- ----------------------------
-- Table structure for `operation_record`
-- ----------------------------
DROP TABLE IF EXISTS `operation_record`;
CREATE TABLE `operation_record` (
  `id` varchar(36) NOT NULL,
  `created_date` bigint(20) DEFAULT NULL,
  `logically_deleted` bit(1) DEFAULT NULL,
  `sort_number` int(11) DEFAULT NULL,
  `updated_date` bigint(20) DEFAULT NULL,
  `business_type` varchar(50) DEFAULT NULL,
  `content` varchar(2000) DEFAULT NULL,
  `ip_address` varchar(30) DEFAULT NULL,
  `admin_id` varchar(36) DEFAULT NULL,
  `client_id` varchar(128) DEFAULT NULL,
  `member_id` varchar(36) DEFAULT NULL,
  PRIMARY KEY (`id`),
  KEY `FKdlxl6kpfq3l1hwnaakqgp8udr` (`admin_id`),
  KEY `FKf39ltb5tnf3lvyl2yg2go2hfc` (`client_id`),
  KEY `FKt21pslb6qae9q2opw25w9l2i3` (`member_id`),
  CONSTRAINT `FKdlxl6kpfq3l1hwnaakqgp8udr` FOREIGN KEY (`admin_id`) REFERENCES `admin` (`id`),
  CONSTRAINT `FKf39ltb5tnf3lvyl2yg2go2hfc` FOREIGN KEY (`client_id`) REFERENCES `oauth_client_details` (`client_id`),
  CONSTRAINT `FKt21pslb6qae9q2opw25w9l2i3` FOREIGN KEY (`member_id`) REFERENCES `member` (`id`)
) ENGINE=InnoDB DEFAULT CHARSET=utf8mb4;

-- ----------------------------
-- Records of operation_record
-- ----------------------------
INSERT INTO `operation_record` VALUES ('2c911f245fd8a5e2015fd8c7c4640004', '1511170491491', '', '0', '1511170491491', 'CONSUME', '现金消费 174.0 元，余额消费 0.0 元，积分消费 0 分  消费项：当天捕捞野生鲜活扇贝新鲜小红贝小扇贝海鲜贝类火锅烧烤 x3', '175.167.154.165', null, 'tonr', '402881b65e792228015e7929024f0000');
INSERT INTO `operation_record` VALUES ('2c911f245fd8a5e2015fd95a9f450012', '1511180115781', '', '0', '1511180115781', 'CONSUME', '现金消费 334.0 元，余额消费 0.0 元，积分消费 0 分  消费项：牛奶奶油草莓新鲜超甜丹东99烘焙现摘蛋糕鲜草莓大 x1,2017年新树上山地鲜栗子2500g即食甜板栗生新鲜 特产板栗散装 x2,当天捕捞野生鲜活扇贝新鲜小红贝小扇贝海鲜贝类火锅烧烤 x1', '182.201.217.221', null, 'tonr', '2c911f245fd8a5e2015fd958285f0005');
INSERT INTO `operation_record` VALUES ('2c911f245fd8a5e2015fddd4ba09001a', '1511255226889', '', '0', '1511255226889', 'CONSUME', '现金消费 92.0 元，余额消费 0.0 元，积分消费 0 分  消费项：精品大蚝丹东牡蛎新鲜鲜活海蛎子新鲜野生生蚝顺丰10斤 x1', '113.233.133.156', null, 'tonr', '402881b65e792228015e7929024f0000');
INSERT INTO `operation_record` VALUES ('2c911f2460004dff0160018128c20006', '1511853729985', '', '0', '1511853729985', 'CONSUME', '现金消费 138.0 元，余额消费 0.0 元，积分消费 0 分  消费项：牛奶奶油草莓新鲜超甜丹东99烘焙现摘蛋糕鲜草莓大 x1', '113.233.129.224', null, 'tonr', '2c911f2460004dff0160017f56670002');
INSERT INTO `operation_record` VALUES ('402881c45f0aaba1015f0aabd2b80000', '1507712553649', '', '0', '1507712553649', 'RECHARGE', '会员充值金额100.0，其中赠送金额为90.0', '0:0:0:0:0:0:0:1', null, 'tonr', '1');
INSERT INTO `operation_record` VALUES ('402881c45f0aaba1015f0aac06dd0003', '1507712567005', '', '0', '1507712567005', 'CONSUME', '现金消费 0.0，余额消费 120.0，积分消费 0消费项：亚特兰蒂斯门票 x1', '0:0:0:0:0:0:0:1', null, 'tonr', '1');
INSERT INTO `operation_record` VALUES ('402881c45f0aac6c015f0aacbdce0002', '1507712613833', '', '0', '1507712613833', 'CONSUME', '现金消费 0.0，余额消费 240.0，积分消费 0消费项：亚特兰蒂斯门票 x2', '0:0:0:0:0:0:0:1', null, 'tonr', '1');
INSERT INTO `operation_record` VALUES ('402881c45f0ac0a7015f0ac237410000', '1507714021170', '', '0', '1507714021170', 'DEDUCT_BALANCE', '储值消费 20.0 元', '0:0:0:0:0:0:0:1', null, 'tonr', '1');
INSERT INTO `operation_record` VALUES ('402881c45f0ac0a7015f0ac26d310001', '1507714034993', '', '0', '1507714034993', 'FAST_INCREASE_POINT', '充值积分 90 分', '0:0:0:0:0:0:0:1', null, 'tonr', '1');
INSERT INTO `operation_record` VALUES ('402881c55f37a680015f37a6e2430002', '1508467204671', '', '0', '1508467204671', 'CONSUME', '现金消费 18.0 元，余额消费 100.0 元，积分消费 200 分  消费项：亚特兰蒂斯门票 x1', '0:0:0:0:0:0:0:1', null, 'tonr', '1');
INSERT INTO `operation_record` VALUES ('402881c55f37a680015f386a5c960005', '1508480015504', '', '0', '1508480015504', 'CONSUME', '现金消费 20.0 元，余额消费 100.0 元，积分消费 0 分  消费项：亚特兰蒂斯门票 x1', '0:0:0:0:0:0:0:1', null, 'tonr', '1');
INSERT INTO `operation_record` VALUES ('402881d15f8ef004015f8efbd8da0002', '1509932390613', '', '0', '1509932390613', 'CONSUME', '现金消费 596.0 元，余额消费 0.0 元，积分消费 0 分  消费项：Flexwarm 飞乐思热敷眼罩（送移动电源） x2', '0:0:0:0:0:0:0:1', null, 'tonr', '402881b65e792228015e7929024f0000');
INSERT INTO `operation_record` VALUES ('402881d15f8f5164015f8f5187550000', '1509938005840', '', '0', '1509938005840', 'CONSUME', '现金消费 399.0 元，余额消费 0.0 元，积分消费 0 分  消费项：Nox香薰助眠灯（送3块香薰片） x1', '0:0:0:0:0:0:0:1', null, 'tonr', '402881b65e792228015e7929024f0000');
INSERT INTO `operation_record` VALUES ('402881d15f8f53be015f8f53f4b20000', '1509938164909', '', '0', '1509938164909', 'CONSUME', '现金消费 399.0 元，余额消费 0.0 元，积分消费 0 分  消费项：Nox香薰助眠灯（送3块香薰片） x1', '0:0:0:0:0:0:0:1', null, 'tonr', '402881b65e792228015e7929024f0000');
INSERT INTO `operation_record` VALUES ('402881d15f940767015f940ee00a000a', '1510017523718', '', '0', '1510017523718', 'CONSUME', '现金消费 697.0 元，余额消费 0.0 元，积分消费 0 分  消费项：Nox香薰助眠灯（送3块香薰片） x1,Flexwarm 飞乐思热敷眼罩（送移动电源） x1', '0:0:0:0:0:0:0:1', null, 'tonr', '402881b65e792228015e7929024f0000');
INSERT INTO `operation_record` VALUES ('402881d15fb80a96015fb83820f10000', '1510624207084', '', '0', '1510624207084', 'CONSUME', '现金消费 288.0 元，余额消费 0.0 元，积分消费 0 分  消费项：Flexwarm 飞乐思热敷眼罩（送移动电源） x1', '0:0:0:0:0:0:0:1', null, 'tonr', '402881b65e792228015e7929024f0000');
INSERT INTO `operation_record` VALUES ('402881d15fb954cb015fb95e7ee90002', '1510643498725', '', '0', '1510643498725', 'CONSUME', '现金消费 296.77 元，余额消费 0.0 元，积分消费 123 分  消费项：Flexwarm 飞乐思热敷眼罩（送移动电源） x1', '0:0:0:0:0:0:0:1', null, 'tonr', '402881b65e792228015e7929024f0000');
INSERT INTO `operation_record` VALUES ('402881d15fb954cb015fb9ae40100005', '1510648725520', '', '0', '1510648725520', 'CONSUME', '现金消费 198.0 元，余额消费 100.0 元，积分消费 0 分  消费项：Flexwarm 飞乐思热敷眼罩（送移动电源） x1', '0:0:0:0:0:0:0:1', null, 'tonr', '402881b65e792228015e7929024f0000');
INSERT INTO `operation_record` VALUES ('402881d15fbd3fba015fbd42cfb70000', '1510708793263', '', '0', '1510708793263', 'REJECT', '现金退款 296.77 元，余额退款 0.0 元，积分退款 123 分  订单号：11141501301806', '0:0:0:0:0:0:0:1', null, 'tonr', '402881b65e792228015e7929024f0000');
INSERT INTO `operation_record` VALUES ('402881d15fbd4808015fbd5ce3a40008', '1510710502302', '', '0', '1510710502302', 'CONSUME', '现金消费 196.0 元，余额消费 100.0 元，积分消费 200 分  消费项：Flexwarm 飞乐思热敷眼罩（送移动电源） x1', '0:0:0:0:0:0:0:1', null, 'tonr', '402881b65e792228015e7929024f0000');
INSERT INTO `operation_record` VALUES ('402881d15fbd4808015fbd684b670009', '1510711249767', '', '0', '1510711249767', 'REJECT', '现金退款 196.0 元，余额退款 100.0 元，积分退款 200 分  订单号：11150947529840', '0:0:0:0:0:0:0:1', null, 'tonr', '402881b65e792228015e7929024f0000');
INSERT INTO `operation_record` VALUES ('402881d15fbe70d6015fbe738a700004', '1510728764011', '', '0', '1510728764011', 'CONSUME', '现金消费 399.0 元，余额消费 0.0 元，积分消费 0 分  消费项：Nox香薰助眠灯（送3块香薰片） x1', '0:0:0:0:0:0:0:1', null, 'tonr', '402881b65e792228015e7929024f0000');
INSERT INTO `operation_record` VALUES ('402881d15fc26587015fc2b377a60004', '1510800062369', '', '0', '1510800062369', 'CONSUME', '现金消费 298.0 元，余额消费 0.0 元，积分消费 0 分  消费项：Flexwarm 飞乐思热敷眼罩（送移动电源） x1', '0:0:0:0:0:0:0:1', null, 'tonr', '402881b65e792228015e7929024f0000');

-- ----------------------------
-- Table structure for `order_form`
-- ----------------------------
DROP TABLE IF EXISTS `order_form`;
CREATE TABLE `order_form` (
  `id` varchar(36) NOT NULL,
  `created_date` bigint(20) DEFAULT NULL,
  `logically_deleted` bit(1) DEFAULT NULL,
  `sort_number` int(11) DEFAULT NULL,
  `updated_date` bigint(20) DEFAULT NULL,
  `balance` double(11,2) DEFAULT NULL,
  `cash` double(11,2) DEFAULT NULL,
  `order_number` varchar(20) DEFAULT NULL,
  `point` int(11) DEFAULT NULL,
  `status` varchar(20) DEFAULT NULL,
  `member_id` varchar(36) DEFAULT NULL,
  `deliver_to_address_id` varchar(36) DEFAULT NULL,
  `remark` varchar(200) DEFAULT NULL,
  `coupon_id` varchar(36) DEFAULT NULL,
  `finished_date` bigint(20) DEFAULT NULL,
  `payment_status` int(11) DEFAULT NULL,
  `shipping_code` varchar(36) DEFAULT NULL,
  `shipping_date` bigint(20) DEFAULT NULL,
  `shipping_status` varchar(20) DEFAULT NULL,
  `returned_money` double DEFAULT NULL,
  `returned_remark` varchar(500) DEFAULT NULL,
  `apply_reject_remark` varchar(500) DEFAULT NULL,
  `returned_balance` double DEFAULT NULL,
  `returned_point` int(11) DEFAULT NULL,
  PRIMARY KEY (`id`),
  KEY `FKb9e3fs5b1681pd0epfoaa2tov` (`member_id`),
  KEY `FKi8jonxlvuis46vdmu8rvwthfv` (`deliver_to_address_id`),
  KEY `FKjhowmytuel9dsv0r56x5gm9ow` (`coupon_id`),
  CONSTRAINT `FKb9e3fs5b1681pd0epfoaa2tov` FOREIGN KEY (`member_id`) REFERENCES `member` (`id`),
  CONSTRAINT `FKi8jonxlvuis46vdmu8rvwthfv` FOREIGN KEY (`deliver_to_address_id`) REFERENCES `member_address` (`id`),
  CONSTRAINT `FKjhowmytuel9dsv0r56x5gm9ow` FOREIGN KEY (`coupon_id`) REFERENCES `coupon` (`id`)
) ENGINE=InnoDB DEFAULT CHARSET=utf8mb4;

-- ----------------------------
-- Records of order_form
-- ----------------------------
INSERT INTO `order_form` VALUES ('2c911f245fd8a5e2015fd8c6fdd40002', '1511170440658', '', '0', '1511170491461', '0.00', '174.00', '11201734001111', '0', 'PAYED', '402881b65e792228015e7929024f0000', '402881d15f713174015f71328d7f0000', '留言', null, null, '1', null, null, null, null, null, null, null, null);
INSERT INTO `order_form` VALUES ('2c911f245fd8a5e2015fd95a7337000e', '1511180104503', '', '0', '1511180115761', '0.00', '334.00', '11202015041462', '0', 'PAYED', '2c911f245fd8a5e2015fd958285f0005', '2c911f245fd8a5e2015fd95a668d000d', '多拿几双筷子', null, null, '1', null, null, null, null, null, null, null, null);
INSERT INTO `order_form` VALUES ('2c911f245fd8a5e2015fddd4afac0018', '1511255224236', '', '0', '1511255314524', '0.00', '92.00', '11211707044368', '0', 'APPLY_REJECTED', '402881b65e792228015e7929024f0000', '402881d15f713174015f71328d7f0000', null, null, null, '1', null, null, null, null, null, '会ｉ你吗。这个人真的不', null, null);
INSERT INTO `order_form` VALUES ('2c911f2460004dff016001811d9a0004', '1511853727129', '', '0', '1511853729967', '0.00', '138.00', '11281522071269', '0', 'PAYED', '2c911f2460004dff0160017f56670002', '2c911f2460004dff01600181131a0003', null, null, null, '1', null, null, null, null, null, null, null, null);

-- ----------------------------
-- Table structure for `order_item`
-- ----------------------------
DROP TABLE IF EXISTS `order_item`;
CREATE TABLE `order_item` (
  `id` varchar(36) NOT NULL,
  `created_date` bigint(20) DEFAULT NULL,
  `logically_deleted` bit(1) DEFAULT NULL,
  `sort_number` int(11) DEFAULT NULL,
  `updated_date` bigint(20) DEFAULT NULL,
  `count` int(11) DEFAULT NULL,
  `order_form_id` varchar(36) DEFAULT NULL,
  `product_id` varchar(36) DEFAULT NULL,
  PRIMARY KEY (`id`),
  KEY `FKig43yb5uck2bs9rooevhos3cl` (`order_form_id`),
  KEY `FK551losx9j75ss5d6bfsqvijna` (`product_id`),
  CONSTRAINT `FK551losx9j75ss5d6bfsqvijna` FOREIGN KEY (`product_id`) REFERENCES `product` (`id`),
  CONSTRAINT `FKig43yb5uck2bs9rooevhos3cl` FOREIGN KEY (`order_form_id`) REFERENCES `order_form` (`id`)
) ENGINE=InnoDB DEFAULT CHARSET=utf8mb4;

-- ----------------------------
-- Records of order_item
-- ----------------------------
INSERT INTO `order_item` VALUES ('2c911f245fd8a5e2015fd8c6fdd50003', null, '', '0', '1511170352928', '3', '2c911f245fd8a5e2015fd8c6fdd40002', '402881d15fd70dd2015fd7138d330005');
INSERT INTO `order_item` VALUES ('2c911f245fd8a5e2015fd95a7338000f', null, '', '0', '1511179994740', '1', '2c911f245fd8a5e2015fd95a7337000e', '402881d15fd70dd2015fd70f1b320002');
INSERT INTO `order_item` VALUES ('2c911f245fd8a5e2015fd95a73380010', '1511179976874', '', '0', '1511179976874', '2', '2c911f245fd8a5e2015fd95a7337000e', '402881d15fd70dd2015fd7183ef5000e');
INSERT INTO `order_item` VALUES ('2c911f245fd8a5e2015fd95a73380011', '1511179973854', '', '0', '1511179973854', '1', '2c911f245fd8a5e2015fd95a7337000e', '402881d15fd70dd2015fd7138d330005');
INSERT INTO `order_item` VALUES ('2c911f245fd8a5e2015fddd4afac0019', null, '', null, null, '1', '2c911f245fd8a5e2015fddd4afac0018', '402881d15fd70dd2015fd71e817b0017');
INSERT INTO `order_item` VALUES ('2c911f2460004dff016001811d9b0005', null, '', null, null, '1', '2c911f2460004dff016001811d9a0004', '402881d15fd70dd2015fd70f1b320002');

-- ----------------------------
-- Table structure for `product`
-- ----------------------------
DROP TABLE IF EXISTS `product`;
CREATE TABLE `product` (
  `id` varchar(36) NOT NULL,
  `created_date` bigint(20) DEFAULT NULL,
  `logically_deleted` bit(1) DEFAULT NULL,
  `sort_number` int(11) DEFAULT NULL,
  `updated_date` bigint(20) DEFAULT NULL,
  `code` varchar(50) DEFAULT NULL,
  `name` varchar(50) DEFAULT NULL,
  `points` int(11) DEFAULT NULL,
  `price` double DEFAULT NULL,
  `remark` varchar(200) DEFAULT NULL,
  `product_category_id` varchar(36) DEFAULT NULL,
  `description` varchar(255) DEFAULT NULL,
  `on_sale` bit(1) DEFAULT NULL,
  `recommend` bit(1) DEFAULT NULL,
  `cover_image_id` varchar(36) DEFAULT NULL,
  `stock_count` bigint(20) DEFAULT NULL,
  PRIMARY KEY (`id`),
  KEY `FKcwclrqu392y86y0pmyrsi649r` (`product_category_id`),
  KEY `FK6wiq3ykcyy7mde1tqmr9k5765` (`cover_image_id`),
  CONSTRAINT `FK6wiq3ykcyy7mde1tqmr9k5765` FOREIGN KEY (`cover_image_id`) REFERENCES `attachment` (`id`),
  CONSTRAINT `FKcwclrqu392y86y0pmyrsi649r` FOREIGN KEY (`product_category_id`) REFERENCES `product_category` (`id`)
) ENGINE=InnoDB DEFAULT CHARSET=utf8mb4;

-- ----------------------------
-- Records of product
-- ----------------------------
INSERT INTO `product` VALUES ('402881d15fd70dd2015fd70f1b320002', '1511141612327', '', '1', '1511231196021', null, '牛奶奶油草莓新鲜超甜丹东99烘焙现摘蛋糕鲜草莓大', '1', '138', '使用农家肥人工除草，不使用除草剂', '402881b65ed159a2015ed15a51710000', null, null, null, '402881d15fd704e2015fd709975e0000', null);
INSERT INTO `product` VALUES ('402881d15fd70dd2015fd7138d330005', '1511141903666', '', '2', '1511142765751', null, '当天捕捞野生鲜活扇贝新鲜小红贝小扇贝海鲜贝类火锅烧烤', '2', '58', null, '402881b65ed159a2015ed15a82ea0001', null, null, null, '402881d15fd70dd2015fd713802c0003', null);
INSERT INTO `product` VALUES ('402881d15fd70dd2015fd71563fd0008', '1511142024188', '', '6', '1511142752064', null, '大虾海鲜冷冻2斤大虾鲜活超大水产品青岛大虾黑虎虾包邮', '2', '179', null, '402881b65ed159a2015ed15a82ea0001', null, null, null, '402881d15fd70dd2015fd71559280006', null);
INSERT INTO `product` VALUES ('402881d15fd70dd2015fd71743ee000b', '1511142147053', '', '4', '1511142740648', null, '鲜活海瓜子 新鲜海锥儿 海螺丝 钉螺 2斤', '3', '98', null, '402881b65ed159a2015ed15a82ea0001', null, null, null, '402881d15fd70dd2015fd71737460009', null);
INSERT INTO `product` VALUES ('402881d15fd70dd2015fd7183ef5000e', '1511142211316', '', '3', '1511142726600', null, '2017年新树上山地鲜栗子2500g即食甜板栗生新鲜 特产板栗散装', '3', '69', null, '402881b65ed159a2015ed15a51710000', null, null, null, '402881d15fd70dd2015fd7183317000c', null);
INSERT INTO `product` VALUES ('402881d15fd70dd2015fd71904630011', '1511142261858', '', '7', '1511142712752', null, '丹东小柿子5斤牛奶圣女果小番茄孕妇水果草莓柿子包邮', '3', '89', null, '402881b65ed159a2015ed15a51710000', null, null, null, '402881d15fd70dd2015fd718fb35000f', null);
INSERT INTO `product` VALUES ('402881d15fd70dd2015fd71dafc30014', '1511142567875', '', '8', '1511142693178', null, '南果梨正宗鞍山南国梨东北特产梨子新鲜水果苹果香水梨5斤包邮', '4', '29', null, '402881b65ed159a2015ed15a51710000', null, null, null, '402881d15fd70dd2015fd71da5780012', null);
INSERT INTO `product` VALUES ('402881d15fd70dd2015fd71e817b0017', '1511142621562', '', '0', '1511142644730', null, '精品大蚝丹东牡蛎新鲜鲜活海蛎子新鲜野生生蚝顺丰10斤', '5', '92', null, '402881b65ed159a2015ed15a82ea0001', null, null, null, '402881d15fd70dd2015fd71e767e0015', null);
INSERT INTO `product` VALUES ('402881d15fd72b2c015fd72f25630002', '1511143712089', '', '5', '1511143748316', null, '丹东特产鲜活梭子蟹红膏母蟹 野生梭子蟹大螃蟹飞蟹400g', '3', '98', null, '402881b65ed159a2015ed15a82ea0001', null, null, null, '402881d15fd72b2c015fd72f0c4f0000', null);
INSERT INTO `product` VALUES ('402881d15fd72b2c015fd73065c70004', '1511143794117', '', '9', '1511143794117', null, '熟冻海螺500克解冻即食大海螺 冷冻生鲜 刺身料理', '3', '27', null, '402881b65ed159a2015ed15a82ea0001', null, null, null, '402881d15fd72b2c015fd7304da30003', null);

-- ----------------------------
-- Table structure for `product_category`
-- ----------------------------
DROP TABLE IF EXISTS `product_category`;
CREATE TABLE `product_category` (
  `id` varchar(36) NOT NULL,
  `created_date` bigint(20) DEFAULT NULL,
  `logically_deleted` bit(1) DEFAULT NULL,
  `sort_number` int(11) DEFAULT NULL,
  `updated_date` bigint(20) DEFAULT NULL,
  `name` varchar(50) DEFAULT NULL,
  `remark` varchar(200) DEFAULT NULL,
  `parent_id` varchar(36) DEFAULT NULL,
  PRIMARY KEY (`id`),
  KEY `FKlkvy3axep0ba8ccvrvfoyrfu4` (`parent_id`),
  CONSTRAINT `FKlkvy3axep0ba8ccvrvfoyrfu4` FOREIGN KEY (`parent_id`) REFERENCES `product_category` (`id`)
) ENGINE=InnoDB DEFAULT CHARSET=utf8mb4;

-- ----------------------------
-- Records of product_category
-- ----------------------------
INSERT INTO `product_category` VALUES ('402881b65ed159a2015ed15a51710000', '1506750910825', '', '0', '1508988084187', '水果', null, null);
INSERT INTO `product_category` VALUES ('402881b65ed159a2015ed15a82ea0001', '1506750923498', '', '0', '1508988078036', '海鲜', null, null);

-- ----------------------------
-- Table structure for `product_category_product_standard`
-- ----------------------------
DROP TABLE IF EXISTS `product_category_product_standard`;
CREATE TABLE `product_category_product_standard` (
  `product_category_id` varchar(36) NOT NULL,
  `product_standard_id` varchar(36) NOT NULL,
  KEY `FKn8m0ofgx01kn7qmcmomd3pa3y` (`product_standard_id`),
  KEY `FKo471hlakxwgm78jw3k7fx6akj` (`product_category_id`),
  CONSTRAINT `FKn8m0ofgx01kn7qmcmomd3pa3y` FOREIGN KEY (`product_standard_id`) REFERENCES `product_standard` (`id`),
  CONSTRAINT `FKo471hlakxwgm78jw3k7fx6akj` FOREIGN KEY (`product_category_id`) REFERENCES `product_category` (`id`)
) ENGINE=InnoDB DEFAULT CHARSET=utf8mb4;

-- ----------------------------
-- Records of product_category_product_standard
-- ----------------------------

-- ----------------------------
-- Table structure for `product_details`
-- ----------------------------
DROP TABLE IF EXISTS `product_details`;
CREATE TABLE `product_details` (
  `product_id` varchar(36) NOT NULL,
  `attachment_id` varchar(36) NOT NULL,
  KEY `FKpoyvhhmwd9a467vtljwxwoqjm` (`attachment_id`),
  KEY `FKrhahp4f26x99lqf0kybcs79rb` (`product_id`),
  CONSTRAINT `FKpoyvhhmwd9a467vtljwxwoqjm` FOREIGN KEY (`attachment_id`) REFERENCES `attachment` (`id`),
  CONSTRAINT `FKrhahp4f26x99lqf0kybcs79rb` FOREIGN KEY (`product_id`) REFERENCES `product` (`id`)
) ENGINE=InnoDB DEFAULT CHARSET=utf8mb4;

-- ----------------------------
-- Records of product_details
-- ----------------------------
INSERT INTO `product_details` VALUES ('402881d15fd70dd2015fd70f1b320002', '2c911f245fd8a5e2015fdc6600c20017');

-- ----------------------------
-- Table structure for `product_standard`
-- ----------------------------
DROP TABLE IF EXISTS `product_standard`;
CREATE TABLE `product_standard` (
  `id` varchar(36) NOT NULL,
  `created_date` bigint(20) DEFAULT NULL,
  `logically_deleted` bit(1) DEFAULT NULL,
  `sort_number` int(11) DEFAULT NULL,
  `updated_date` bigint(20) DEFAULT NULL,
  `name` varchar(50) DEFAULT NULL,
  `remark` varchar(100) DEFAULT NULL,
  PRIMARY KEY (`id`)
) ENGINE=InnoDB DEFAULT CHARSET=utf8mb4;

-- ----------------------------
-- Records of product_standard
-- ----------------------------

-- ----------------------------
-- Table structure for `product_standard_item`
-- ----------------------------
DROP TABLE IF EXISTS `product_standard_item`;
CREATE TABLE `product_standard_item` (
  `id` varchar(36) NOT NULL,
  `created_date` bigint(20) DEFAULT NULL,
  `logically_deleted` bit(1) DEFAULT NULL,
  `sort_number` int(11) DEFAULT NULL,
  `updated_date` bigint(20) DEFAULT NULL,
  `name` varchar(50) DEFAULT NULL,
  `product_standard_id` varchar(36) DEFAULT NULL,
  PRIMARY KEY (`id`),
  KEY `FKk9pnqtt87hdljuh4metrcls0i` (`product_standard_id`),
  CONSTRAINT `FKk9pnqtt87hdljuh4metrcls0i` FOREIGN KEY (`product_standard_id`) REFERENCES `product_standard` (`id`)
) ENGINE=InnoDB DEFAULT CHARSET=utf8mb4;

-- ----------------------------
-- Records of product_standard_item
-- ----------------------------

-- ----------------------------
-- Table structure for `product_styles`
-- ----------------------------
DROP TABLE IF EXISTS `product_styles`;
CREATE TABLE `product_styles` (
  `product_id` varchar(36) NOT NULL,
  `attachment_id` varchar(36) NOT NULL,
  KEY `FKai6wuue607ay5oedt4xqm19ol` (`attachment_id`),
  KEY `FKp9r0ges42ctt2q3r9vftfv0uu` (`product_id`),
  CONSTRAINT `FKai6wuue607ay5oedt4xqm19ol` FOREIGN KEY (`attachment_id`) REFERENCES `attachment` (`id`),
  CONSTRAINT `FKp9r0ges42ctt2q3r9vftfv0uu` FOREIGN KEY (`product_id`) REFERENCES `product` (`id`)
) ENGINE=InnoDB DEFAULT CHARSET=utf8mb4;

-- ----------------------------
-- Records of product_styles
-- ----------------------------
INSERT INTO `product_styles` VALUES ('402881d15fd70dd2015fd71e817b0017', '402881d15fd70dd2015fd71e767e0015');
INSERT INTO `product_styles` VALUES ('402881d15fd70dd2015fd71dafc30014', '402881d15fd70dd2015fd71da5780012');
INSERT INTO `product_styles` VALUES ('402881d15fd70dd2015fd71904630011', '402881d15fd70dd2015fd718fb35000f');
INSERT INTO `product_styles` VALUES ('402881d15fd70dd2015fd7183ef5000e', '402881d15fd70dd2015fd7183317000c');
INSERT INTO `product_styles` VALUES ('402881d15fd70dd2015fd71743ee000b', '402881d15fd70dd2015fd71737460009');
INSERT INTO `product_styles` VALUES ('402881d15fd70dd2015fd71563fd0008', '402881d15fd70dd2015fd71559280006');
INSERT INTO `product_styles` VALUES ('402881d15fd70dd2015fd7138d330005', '402881d15fd70dd2015fd713802c0003');
INSERT INTO `product_styles` VALUES ('402881d15fd72b2c015fd72f25630002', '402881d15fd72b2c015fd72f0c4f0000');
INSERT INTO `product_styles` VALUES ('402881d15fd72b2c015fd73065c70004', '402881d15fd72b2c015fd7304da30003');
INSERT INTO `product_styles` VALUES ('402881d15fd70dd2015fd70f1b320002', '402881d15fd704e2015fd709975e0000');

-- ----------------------------
-- Table structure for `red_packet`
-- ----------------------------
DROP TABLE IF EXISTS `red_packet`;
CREATE TABLE `red_packet` (
  `id` varchar(36) NOT NULL,
  `created_date` bigint(20) DEFAULT NULL,
  `logically_deleted` bit(1) DEFAULT NULL,
  `sort_number` int(11) DEFAULT NULL,
  `updated_date` bigint(20) DEFAULT NULL,
  `amount` double(11,2) DEFAULT NULL,
  `min_amount` double(11,2) DEFAULT NULL,
  `end_date` bigint(20) DEFAULT NULL,
  `start_date` bigint(20) DEFAULT NULL,
  `remark` varchar(500) DEFAULT NULL,
  PRIMARY KEY (`id`)
) ENGINE=InnoDB DEFAULT CHARSET=utf8mb4;

-- ----------------------------
-- Records of red_packet
-- ----------------------------
INSERT INTO `red_packet` VALUES ('1', '1508374858857', '', '0', '1508374858857', '50.00', '100.00', '1509062400000', '1506988800000', null);
INSERT INTO `red_packet` VALUES ('2', '1508375932601', '', '0', '1508375932601', '40.00', '100.00', '1509148800000', '1508457600000', null);

-- ----------------------------
-- Table structure for `role`
-- ----------------------------
DROP TABLE IF EXISTS `role`;
CREATE TABLE `role` (
  `id` varchar(36) NOT NULL,
  `created_date` bigint(20) DEFAULT NULL,
  `logically_deleted` bit(1) DEFAULT NULL,
  `sort_number` int(11) DEFAULT NULL,
  `updated_date` bigint(20) DEFAULT NULL,
  `name` varchar(50) DEFAULT NULL,
  PRIMARY KEY (`id`)
) ENGINE=InnoDB DEFAULT CHARSET=utf8mb4;

-- ----------------------------
-- Records of role
-- ----------------------------
INSERT INTO `role` VALUES ('402881c45effd975015effdcc87d0000', '1507531212918', '', '0', '1509949561108', '超级管理员');

-- ----------------------------
-- Table structure for `role_modules`
-- ----------------------------
DROP TABLE IF EXISTS `role_modules`;
CREATE TABLE `role_modules` (
  `role_id` varchar(36) NOT NULL,
  `module_id` varchar(36) NOT NULL,
  KEY `FKnxc3e53nguousgf65ti2ayxx3` (`module_id`),
  KEY `FKikj9g5f57f4fixgqbp3j9ddae` (`role_id`),
  CONSTRAINT `FKikj9g5f57f4fixgqbp3j9ddae` FOREIGN KEY (`role_id`) REFERENCES `role` (`id`),
  CONSTRAINT `FKnxc3e53nguousgf65ti2ayxx3` FOREIGN KEY (`module_id`) REFERENCES `module` (`id`)
) ENGINE=InnoDB DEFAULT CHARSET=utf8mb4;

-- ----------------------------
-- Records of role_modules
-- ----------------------------
INSERT INTO `role_modules` VALUES ('402881c45effd975015effdcc87d0000', '402881d15f8ff42a015f9001a9a90001');
INSERT INTO `role_modules` VALUES ('402881c45effd975015effdcc87d0000', '402883835f2fa17a015f2faaa6400004');
INSERT INTO `role_modules` VALUES ('402881c45effd975015effdcc87d0000', '402881c35eb1d777015eb25f901f0002');
INSERT INTO `role_modules` VALUES ('402881c45effd975015effdcc87d0000', '402881c55f38c257015f38c2e4d00000');
INSERT INTO `role_modules` VALUES ('402881c45effd975015effdcc87d0000', '402881c45f323425015f3243612a0000');
INSERT INTO `role_modules` VALUES ('402881c45effd975015effdcc87d0000', '402883835f2fa17a015f2fa9ec4e0003');
INSERT INTO `role_modules` VALUES ('402881c45effd975015effdcc87d0000', '402883835f2fa17a015f2fa2cea90002');
INSERT INTO `role_modules` VALUES ('402881c45effd975015effdcc87d0000', '402883835f2fa17a015f2fa2a5df0001');
INSERT INTO `role_modules` VALUES ('402881c45effd975015effdcc87d0000', '402883835f2fa17a015f2fa27de00000');
INSERT INTO `role_modules` VALUES ('402881c45effd975015effdcc87d0000', '6c2f0a65-4a8c-11e7-82ff-58da3c9e6316');
INSERT INTO `role_modules` VALUES ('402881c45effd975015effdcc87d0000', '9e936709-4a8c-11e7-82ff-58da3c9e6316');
INSERT INTO `role_modules` VALUES ('402881c45effd975015effdcc87d0000', '8fe09b87-296d-11e7-b497-21af0a259a98');
INSERT INTO `role_modules` VALUES ('402881c45effd975015effdcc87d0000', '24a90d78-2a21-11e7-b497-21af0a259a98');
INSERT INTO `role_modules` VALUES ('402881c45effd975015effdcc87d0000', 'a3909276-297c-11e7-b497-21af0a259a98');
INSERT INTO `role_modules` VALUES ('402881c45effd975015effdcc87d0000', 'c9f178a3-2a20-11e7-b497-21af0a259a98');
INSERT INTO `role_modules` VALUES ('402881c45effd975015effdcc87d0000', 'f959cd6f-2a1f-11e7-b497-21af0a259a98');
INSERT INTO `role_modules` VALUES ('402881c45effd975015effdcc87d0000', '724b1acc-2a20-11e7-b497-21af0a259a98');
INSERT INTO `role_modules` VALUES ('402881c45effd975015effdcc87d0000', '36f353ad-2a20-11e7-b497-21af0a259a98');
INSERT INTO `role_modules` VALUES ('402881c45effd975015effdcc87d0000', '8f772bb9-2a21-11e7-b497-21af0a259a98');
INSERT INTO `role_modules` VALUES ('402881c45effd975015effdcc87d0000', '301b3096-2970-11e7-b497-21af0a259a98');
INSERT INTO `role_modules` VALUES ('402881c45effd975015effdcc87d0000', 'a6fd0442-4a8c-11e7-82ff-58da3c9e6316');
INSERT INTO `role_modules` VALUES ('402881c45effd975015effdcc87d0000', '3ffd622d-2a1f-11e7-b497-21af0a259a98');
INSERT INTO `role_modules` VALUES ('402881c45effd975015effdcc87d0000', '4705b0bd-8278-11e7-9f6e-708bcdac0848');
INSERT INTO `role_modules` VALUES ('402881c45effd975015effdcc87d0000', '7f9e1d2d-4a8c-11e7-82ff-58da3c9e6316');
INSERT INTO `role_modules` VALUES ('402881c45effd975015effdcc87d0000', '402881c45f333384015f333436040000');
INSERT INTO `role_modules` VALUES ('402881c45effd975015effdcc87d0000', '24746c09-2960-11e7-b497-21af0a259a98');
INSERT INTO `role_modules` VALUES ('402881c45effd975015effdcc87d0000', '8901fc42-4a8c-11e7-82ff-58da3c9e6316');
INSERT INTO `role_modules` VALUES ('402881c45effd975015effdcc87d0000', '402881d15f8ff42a015f8ff67b560000');
INSERT INTO `role_modules` VALUES ('402881c45effd975015effdcc87d0000', '402881c45f04dd28015f050b64a50000');
INSERT INTO `role_modules` VALUES ('402881c45effd975015effdcc87d0000', '98b33553-827e-11e7-9f6e-708bcdac0848');
INSERT INTO `role_modules` VALUES ('402881c45effd975015effdcc87d0000', 'b8c06782-2a58-11e7-b497-21af0a259a98');

-- ----------------------------
-- Table structure for `sku`
-- ----------------------------
DROP TABLE IF EXISTS `sku`;
CREATE TABLE `sku` (
  `id` varchar(36) NOT NULL,
  `created_date` bigint(20) DEFAULT NULL,
  `logically_deleted` bit(1) DEFAULT NULL,
  `sort_number` int(11) DEFAULT NULL,
  `updated_date` bigint(20) DEFAULT NULL,
  `price` double DEFAULT NULL,
  `stock_count` bigint(20) DEFAULT NULL,
  `cover_image_id` varchar(36) DEFAULT NULL,
  `product_id` varchar(36) DEFAULT NULL,
  PRIMARY KEY (`id`),
  KEY `FKopfh0vksxtvp1ipngk53ew8dj` (`cover_image_id`),
  KEY `FKovd96qvc9da3k94gf0j822p3o` (`product_id`),
  CONSTRAINT `FKopfh0vksxtvp1ipngk53ew8dj` FOREIGN KEY (`cover_image_id`) REFERENCES `attachment` (`id`),
  CONSTRAINT `FKovd96qvc9da3k94gf0j822p3o` FOREIGN KEY (`product_id`) REFERENCES `product` (`id`)
) ENGINE=InnoDB DEFAULT CHARSET=utf8mb4;

-- ----------------------------
-- Records of sku
-- ----------------------------

-- ----------------------------
-- Table structure for `sku_product_standard`
-- ----------------------------
DROP TABLE IF EXISTS `sku_product_standard`;
CREATE TABLE `sku_product_standard` (
  `sku_id` varchar(36) NOT NULL,
  `product_standard_id` varchar(36) NOT NULL,
  KEY `FK4v831duifl37nkkc2s1dpf174` (`product_standard_id`),
  KEY `FKeuu7p3xoapycvkkqy45r2k962` (`sku_id`),
  CONSTRAINT `FK4v831duifl37nkkc2s1dpf174` FOREIGN KEY (`product_standard_id`) REFERENCES `product_standard` (`id`),
  CONSTRAINT `FKeuu7p3xoapycvkkqy45r2k962` FOREIGN KEY (`sku_id`) REFERENCES `sku` (`id`)
) ENGINE=InnoDB DEFAULT CHARSET=utf8mb4;

-- ----------------------------
-- Records of sku_product_standard
-- ----------------------------

-- ----------------------------
-- Table structure for `sku_product_standard_items`
-- ----------------------------
DROP TABLE IF EXISTS `sku_product_standard_items`;
CREATE TABLE `sku_product_standard_items` (
  `sku_id` varchar(36) NOT NULL,
  `product_standard_item_id` varchar(36) NOT NULL,
  KEY `FKlxlr70i9xw2efss30jlxrbhli` (`product_standard_item_id`),
  KEY `FKbv6rh918d07tj6hei4gnvsyuo` (`sku_id`),
  CONSTRAINT `FKbv6rh918d07tj6hei4gnvsyuo` FOREIGN KEY (`sku_id`) REFERENCES `sku` (`id`),
  CONSTRAINT `FKlxlr70i9xw2efss30jlxrbhli` FOREIGN KEY (`product_standard_item_id`) REFERENCES `product_standard_item` (`id`)
) ENGINE=InnoDB DEFAULT CHARSET=utf8mb4;

-- ----------------------------
-- Records of sku_product_standard_items
-- ----------------------------
